Codes,Category,Series,New,Notes,Key specs,Brochure page
DS-2CD20X7G3-LIS2UY/SL,NETWORK CAMERAS,Pro Series Network Cameras with ColorVu 3.0,,,"X=4/6/8 MP
Strobe light & audio alarm
HikAI-ISP, 4 MP, 0.0001 lux@F1.0
IR/white light up to 40 m
Arrayed Dual-Mic
IP67, NEMA 4X anti-corrosion
Eco-friendly & Tamper-free Packaging",7
DS-2CD21X7G3-LIS2UY,NETWORK CAMERAS,Pro Series Network Cameras with ColorVu 3.0,,,"X=4/6/8 MP
HikAI-ISP, 4 MP, 0.0001 lux @ F1.0
IR/white light up to 30 m
Arrayed Dual-Mic
IP67, IK10, NEMA 4X anti-corrosion
Eco-friendly & Tamper-free Packaging",7
DS-2CD23X7G3-LIS2UY/SL,NETWORK CAMERAS,Pro Series Network Cameras with ColorVu 3.0,,,"X=4/6/8 MP
Strobe light & audio alarm
HikAI-ISP, 4 MP, 0.0001 lux@F1.0
IR/white light up to 30 m
Arrayed Dual-Mic
IP67, NEMA 4X anti-corrosion
Eco-friendly & Tamper-free Packaging",7
DS-2CD2TX7G3-LIS2UY/SL,NETWORK CAMERAS,Pro Series Network Cameras with ColorVu 3.0,,,"X=4/6/8 MP
Strobe light & audio alarm
HikAI-ISP, 4 MP, 0.0001 lux@F1.0
IR/white light up to 60 m
Arrayed Dual-Mic
IP67, NEMA 4X anti-corrosion
Eco-friendly & Tamper-free Packaging",7
DS-2CD26X7G3-LIZS2UY/SL,NETWORK CAMERAS,Pro Series Network Cameras with ColorVu 3.0,,,"X=4/6/8 MP, 2.8-12 mm
Strobe light & audio alarm
HikAI-ISP, 4 MP, 0.0005 lux@F1.2
IR/white light up to 60 m
Arrayed Dual-Mic
IP67, IK10, NEMA 4X anti-corrosion
Eco-friendly & Tamper-free Packaging",7
DS-2CD2HX7G3-LIZS2UY/SL(RB),NETWORK CAMERAS,Pro Series Network Cameras with ColorVu 3.0,yes,,"X=4/6/8 MP, 2.8-12 mm
Strobe light & audio alarm
HikAI-ISP, 4 MP, 0.0005 lux@F1.2
IR/white light up to 40 m
Arrayed Dual-Mic
IP67, IK10, NEMA 4X anti-corrosion
Eco-friendly & Tamper-free Packaging",7
DS-2CD20X3G2-LI2U/SL(RB),NETWORK CAMERAS,Pro Series Network Cameras with Smart Hybrid Light,,,"X=4/6/8 MP
Strobe light & audio alarm
4 MP, 0.005 lux@F1.6
IR/white light up to 40 m
Arrayed Dual-Mic
IP67",7
DS-2CD21X3G2-LI,NETWORK CAMERAS,Pro Series Network Cameras with Smart Hybrid Light,,,"X=4/6/8 MP
4 MP, 0.005 lux@F1.6
IR/white light up to 30 m
IP67, IK10",7
DS-2CD23X3G2-LI2U/SL(RB),NETWORK CAMERAS,Pro Series Network Cameras with Smart Hybrid Light,,,"X=4/6/8 MP
Strobe light & audio alarm
4 MP, 0.005 lux@F1.6
IR/white light up to 30 m
Arrayed Dual-Mic
IP67",7
DS-2CD2TX3G2-LIS2U/SL(RB),NETWORK CAMERAS,Pro Series Network Cameras with Smart Hybrid Light,,,"X=4/6/8 MP
Strobe light & audio alarm
4 MP, 0.005 lux@F1.6
IR/white light up to 60 m
Arrayed Dual-Mic
IP67",7
DS-2CD2TX3G2-2LI2U,NETWORK CAMERAS,Pro Series Network Cameras with Smart Hybrid Light,,,"X=4/6/8 MP
4 MP, 0.005 lux@F1.6
IR/white light up to 60 m
Arrayed Dual-Mic
IP67",7
DS-2CD2TX3G2-4LI2U,NETWORK CAMERAS,Pro Series Network Cameras with Smart Hybrid Light,,,"X=4/6/8 MP
4 MP, 0.005 lux@F1.6
IR/white light up to 80 m
Arrayed Dual-Mic
IP67",7
DS-2CD26X3G2-LIZS2U/SL(RB),NETWORK CAMERAS,Pro Series Network Cameras with Smart Hybrid Light,,,"X=4/6/8 MP, 2.8-12 mm
Strobe light & audio alarm
4 MP, 0.005 lux@F1.6
IR/white light up to 60 m
Arrayed Dual-Mic
IP67, IK10",8
DS-2CD27X3G2-LIZS2U(/SL),NETWORK CAMERAS,Pro Series Network Cameras with Smart Hybrid Light,,,"X=4/6/8 MP, 2.8-12 mm
Strobe light & audio alarm
4 MP, 0.005 lux@F1.6
IR/white light up to 30 m
Arrayed Dual-Mic
IP67, IK10",8
DS-2CD2043G2-LIZ2UY/SL(RB),NETWORK CAMERAS,Pro Series Network Cameras with Smart Hybrid Light,yes,,"2.8/4 mm point-to-point zoom
Strobe light & audio alarm
4 MP, 0.005 lux@F1.6
IR/white light up to 40 m
Arrayed Dual-Mic
IP67, NEMA 4X anti-corrosion",8
DS-2CD2343G2-LIZ2UY/SL(RB),NETWORK CAMERAS,Pro Series Network Cameras with Smart Hybrid Light,yes,,"X=4/6/8 MP
2.8/4 mm point-to-point zoom
Strobe light & audio alarm
4 MP, 0.005 lux@F1.6
IR/white light up to 30 m
Arrayed Dual-Mic
IP67, NEMA 4X anti-corrosion",8
DS-2CD2T43G2-LIZ2UY/SL(RB),NETWORK CAMERAS,Pro Series Network Cameras with Smart Hybrid Light,yes,,"X=4/6/8 MP
2.8/4 mm point-to-point zoom
Strobe light & audio alarm
4 MP, 0.005 lux@F1.6
IR/white light up to 60 m
Arrayed Dual-Mic
IP67, NEMA 4X anti-corrosion",8
DS-2CD2T43G2-2(4)LIZ2UY,NETWORK CAMERAS,Pro Series Network Cameras with Smart Hybrid Light,yes,,"X=4/6/8 MP
2.8/4 mm point-to-point zoom
4 MP, 0.005 lux@F1.6
IR/white light up to 60(-2I)/80(-4I) m
Arrayed Dual-Mic
IP67, NEMA 4X anti-corrosion",8
DS-2CD2046G3-IZ2UY/SL(RB),NETWORK CAMERAS,Pro Series Network Cameras with Powered by DarkFighter,yes,,"2.8/4 mm point-to-point zoom
Strobe light & audio alarm
4 MP, 0.001 lux
IR light up to 40 m
Arrayed Dual-Mic
IP67, NEMA 4X anti-corrosion
Eco-friendly & Tamper-free Packaging",8
DS-2CD2346G3-IZS2UY/SL(RB),NETWORK CAMERAS,Pro Series Network Cameras with Powered by DarkFighter,yes,,"2.8/4 mm point-to-point zoom
Strobe light & audio alarm
4 MP, 0.001 lux
IR light up to 30 m
Arrayed Dual-Mic
IP67, NEMA 4X anti-corrosion
Eco-friendly & Tamper-free Packaging",8
DS-2CD2T46G3-IZS2UY/SL(RB),NETWORK CAMERAS,Pro Series Network Cameras with Powered by DarkFighter,yes,,"2.8/4 mm point-to-point zoom
Strobe light & audio alarm
4 MP, 0.001 lux
IR light up to 60 m
Arrayed Dual-Mic
IP67, NEMA 4X anti-corrosion
Eco-friendly & Tamper-free Packaging",8
DS-2CD2T46G3-2IZY,NETWORK CAMERAS,Pro Series Network Cameras with Powered by DarkFighter,yes,,"2.8/4 mm point-to-point zoom
4 MP, 0.001 lux
IR light up to 60 m
Arrayed Dual-Mic
IP67, NEMA 4X anti-corrosion
Eco-friendly & Tamper-free Packaging",8
DS-2CD2T46G3-4IZY,NETWORK CAMERAS,Pro Series Network Cameras with Powered by DarkFighter,yes,,"2.8/4 mm point-to-point zoom
4 MP, 0.001 lux
IR light up to 80 m
Arrayed Dual-Mic
IP67, NEMA 4X anti-corrosion
Eco-friendly & Tamper-free Packaging",8
DS-2CD20X6G2H-IU,NETWORK CAMERAS,Pro Series Network Cameras with Powered by DarkFighter,,,"X=4/8 MP
4 MP, 0.001 lux@F1.0
8 MP, 0.0008 lux@F1.0
IR light up to 30 m
IP67
Eco-friendly Packaging",8
DS-2CD21X6G2H-ISU,NETWORK CAMERAS,Pro Series Network Cameras with Powered by DarkFighter,,,"X=4/8 MP
4 MP, 0.001 lux@F1.0
8 MP, 0.0008 lux@F1.0
IR light up to 30 m
IP67, IK10
Eco-friendly Packaging",9
DS-2CD23X6G2H-IU,NETWORK CAMERAS,Pro Series Network Cameras with Powered by DarkFighter,,,"X=4/8 MP
4 MP, 0.001 lux@F1.0
8 MP, 0.0008 lux@F1.0
IR light up to 30 m
IP67
Eco-friendly Packaging",9
DS-2CD2TX6G2H-2I,NETWORK CAMERAS,Pro Series Network Cameras with Powered by DarkFighter,,,"X=4/8 MP
4 MP, 0.001 lux@F1.0
8 MP, 0.0008 lux@F1.0
IR light up to 60 m
IP67
Eco-friendly Packaging",9
DS-2CD2TX6G2H-4I,NETWORK CAMERAS,Pro Series Network Cameras with Powered by DarkFighter,,,"X=4/8 MP
4 MP, 0.001 lux@F1.0
8 MP, 0.0008 lux@F1.0
IR light up to 80 m
IP67
Eco-friendly Packaging",9
DS-2CD26X6G2HT-IZS,NETWORK CAMERAS,Pro Series Network Cameras with Powered by DarkFighter,,,"2.8-12 mm
X=4/8 MP
4 MP, 0.001 lux@F1.0
8 MP, 0.0008 lux@F1.2
IR light up to 60 m
IP67
Eco-friendly Packaging",9
DS-2CD26X6G2HT-IZS2U/SL(RB),NETWORK CAMERAS,Pro Series Network Cameras with Powered by DarkFighter,,,"Strobe light & audio alarm
2.8-12 mm, X=4/8 MP
4 MP, 0.001 lux@F1.0
8 MP, 0.0008 lux@F1.2
IR light up to 60 m
Arrayed Dual-Mic
IP67, Eco-friendly Packaging",9
DS-2CD2746G2HT-IZS,NETWORK CAMERAS,Pro Series Network Cameras with Powered by DarkFighter,,,"2.8-12 mm
X=4/8 MP
4 MP, 0.001 lux@F1.0
8 MP, 0.0008 lux@F1.2
IR light up to 40 m
IP67, IK10
Eco-friendly Packaging",9
DS-2CD2H46G2H-IZSY,NETWORK CAMERAS,Pro Series Network Cameras with Powered by DarkFighter,yes,,"Innovative socket design
2.8-12 mm
4 MP, 0.001 lux@F1.0
IR light up to 40 m
IP67, IK10, NEMA 4X
Eco-friendly & Tamper-free packaging",9
DS-2CD2H66G2H-IZSY,NETWORK CAMERAS,Pro Series Network Cameras with Powered by DarkFighter,yes,,"Innovative socket design
2.8-12 mm
6 MP, 0.0008 lux@F1.2
IR light up to 40 m
IP67, IK10, NEMA 4X
Eco-friendly & Tamper-free packaging",9
DS-2CD2H86G2H-IZSY,NETWORK CAMERAS,Pro Series Network Cameras with Powered by DarkFighter,yes,,"Innovative socket design
2.8-12 mm
8 MP, 0.0008 lux@F1.2
IR light up to 40 m
IP67, IK10, NEMA 4X
Eco-friendly & Tamper-free packaging",9
DS-2CD2H46G2H-IZS2UY/SL(RB),NETWORK CAMERAS,Pro Series Network Cameras with Powered by DarkFighter,yes,,"Innovative socket design
Strobe light & audio alarm
2.8-12 mm
4 MP, 0.001 lux@F1.0
IR light up to 40 m
IP67, IK10, NEMA 4X
Eco-friendly & Tamper-free packaging",9
DS-2CD2H66G2H-IZS2UY/SL(RB),NETWORK CAMERAS,Pro Series Network Cameras with Powered by DarkFighter,yes,,"Innovative socket design
Strobe light & audio alarm
2.8-12 mm
6 MP, 0.0008 lux@F1.2
IR light up to 40 m
IP67, IK10, NEMA 4X
Eco-friendly & Tamper-free packaging",9
DS-2CD2H86G2H-IZS2UY/SL(RB),NETWORK CAMERAS,Pro Series Network Cameras with Powered by DarkFighter,yes,,"Innovative socket design
Strobe light & audio alarm
2.8-12 mm
8 MP, 0.0008 lux@F1.2
IR light up to 40 m
IP67, IK10, NEMA 4X
Eco-friendly & Tamper-free packaging",9
DS-2CD2747G2H-LIPTRZS2U/SL,NETWORK CAMERAS,Pro Series Network Cameras with PTRZ,,,"5-axis motorized adjustment
Innovative socket design
Strobe light & audio alarm
2.8-12 mm
4 MP, 1/1.8”CMOS sensor
0.0028 lux@F1.2
IR/white light up to 40 m
130 dB WDR
IP66, IK10",10
DS-2CD2767G2H-LIPTRZS2U/SL,NETWORK CAMERAS,Pro Series Network Cameras with PTRZ,,,"5-axis motorized adjustment
Innovative socket design
Strobe light & audio alarm
2.8-12 mm
6 MP, 1/1.8”CMOS sensor
0.0028 lux@F1.2
IR/white light up to 40 m
130 dB WDR
IP66, IK10",10
DS-2CD2787G2H-LIPTRZS2U/SL,NETWORK CAMERAS,Pro Series Network Cameras with PTRZ,,,"5-axis motorized adjustment
Innovative socket design
Strobe light & audio alarm
2.8-12 mm
8 MP, 1/1.8”CMOS sensor
0.0028 lux@F1.2
IR/white light up to 40 m
130 dB WDR
IP66, IK10",10
DS-2CD2746G2H-IPTRZS2U/SL,NETWORK CAMERAS,Pro Series Network Cameras with PTRZ,,,"5-axis motorized adjustment
Innovative socket design
Strobe light & audio alarm
2.8-12 mm
4 MP, 1/1.8”CMOS sensor
0.0008 lux@F1.2
IR light up to 40 m
120 dB WDR
IP66, IK10",10
DS-2CD2766G2H-IPTRZS2U/SL,NETWORK CAMERAS,Pro Series Network Cameras with PTRZ,,,"5-axis motorized adjustment
Innovative socket design
Strobe light & audio alarm
2.8-12 mm
6 MP, 1/1.8”CMOS sensor
0.0008 lux@F1.2
IR light up to 40 m
120 dB WDR
IP66, IK10",10
DS-2CD2786G2H-IPTRZS2U/SL,NETWORK CAMERAS,Pro Series Network Cameras with PTRZ,,,"5-axis motorized adjustment
Innovative socket design
Strobe light & audio alarm
2.8-12 mm
8 MP, 1/1.8”CMOS sensor
0.0008 lux@F1.2
IR light up to 40 m
120 dB WDR
IP66, IK10",10
DS-2CD2346G3D-IZ2UY/SL(RB),NETWORK CAMERAS,Pro Series Network Cameras with Dual-Lens,yes,,"1 cable, 1 IP, 2 channels
Innovative socket design
2.8/4 mm point-to-point zoom
4 MP, 0.001 lux
IR light up to 30 m
IP67, NEMA 4X anti-corrosion
Eco-friendly & Tamper-free packaging",10
DS-2CD2343G2D-LIZ2UY/SL(RB),NETWORK CAMERAS,Pro Series Network Cameras with Dual-Lens,yes,,"1 cable, 1 IP, 2 channels
Innovative socket design
2.8/4 mm point-to-point zoom
4 MP, 0.005 lux
IR/white light up to 30 m
IP67, NEMA 4X anti-corrosion",10
DS-2CD23X7G2P-LSU/SL,NETWORK CAMERAS,Pro Series Network Cameras with Dual-Lens,,,"180° panoramic view
Strobe light & audio alarm
X=4/6/8 MP
0.0005 lux@F1.0
White light up to 30 m
IP67",10
DS-2CD2TX7G2P-LSU/SL,NETWORK CAMERAS,Pro Series Network Cameras with Dual-Lens,,,"180° panoramic view
Strobe light & audio alarm
X=4/6/8 MP
0.0005 lux@F1.0
White light up to 40 m
IP67",10
DS-2CD23X6G2P-ISU/SL,NETWORK CAMERAS,Pro Series Network Cameras with Dual-Lens,,,"180° panoramic view
Strobe light & audio alarm
X=4/6 MP
0.003 lux@F1.6
IR light up to 30 m
IP67",10
DS-2CD2TX6G2P-ISU/SL,NETWORK CAMERAS,Pro Series Network Cameras with Dual-Lens,,,"180° panoramic view
Strobe light & audio alarm
X=4/6 MP
0.003 lux@F1.6
IR light up to 40 m
IP67",10
DS-2SE2C200MWG-E/12,NETWORK CAMERAS,Pro Series Network Cameras with Dual-Lens,yes,,"Mini TandemVu
Strobe light & audio alarm
2 MP
IP66
Static channel: 2.8 mm, IR/white light up to 30 m
PT channel: 6/8 mm, IR light up to 30 m",11
DS-2SE2C400MWG-E/14,NETWORK CAMERAS,Pro Series Network Cameras with Dual-Lens,yes,,"Mini TandemVu
Strobe light & audio alarm
4 MP
IP66
Static channel: 2.8 mm, IR/white light up to 30 m
PT channel: 6/8 mm, IR light up to 30 m",11
DS-2CD2955G0-ISU,NETWORK CAMERAS,Special Pro Series Network Cameras,,,"1.05 mm
Horizontal/vertical/diagonal FOV: 180°
5 MP
0.017 lux@F2.25
IR light up to 8 m
120 dB",11
DS-2CD21X6G2-IMS,NETWORK CAMERAS,Special Pro Series Network Cameras,,,"Built-in Micro HDMI
HDMI output: 50/60 Hz
X=2/8 MP
2 MP, 0.002 lux@F1.4
8 MP, 0.003 lux@F1.6
IR light up to 30 m
130 dB, IK10",11
DS-2CD2EX3G2-U,NETWORK CAMERAS,Special Pro Series Network Cameras,,,"Recessed installation
X=2/4 MP
0.005 lux@F1.6
Tilt: 0° to 75°
120 dB WDR",11
DS-2CD10X7G3H-LIUF/SL(RB),NETWORK CAMERAS,Value Series Network Cameras with ColorVu 3.0,yes,,"X=2/4/6/8 MP
Strobe light & audio alarm
HikAI-ISP
4 MP, 0.0001 lux@F1.0
IR/white light up to 40 m
IP67
Two-way audio",11
DS-2CD13X7G3H-LIUF/SL(RB),NETWORK CAMERAS,Value Series Network Cameras with ColorVu 3.0,yes,,"X=2/4/6/8 MP
Strobe light & audio alarm
HikAI-ISP
4 MP, 0.0001 lux@F1.0
IR/white light up to 40 m
IP67
Two-way audio",11
DS-2CD1TX7G3H-LIUF/SL(RB),NETWORK CAMERAS,Value Series Network Cameras with ColorVu 3.0,yes,,"X=2/4/6/8 MP
Strobe light & audio alarm
HikAI-ISP
4 MP, 0.0001 lux@F1.0
IR/white light up to 50 m
IP67
Two-way audio",11
DS-2CD1BX7G3H-LIUF/SL(RB),NETWORK CAMERAS,Value Series Network Cameras with ColorVu 3.0,yes,,"X=2/4/6/8 MP
Strobe light & audio alarm
HikAI-ISP
4 MP, 0.0001 lux@F1.0
IR/white light up to 50 m
IP67
Two-way audio",11
DS-2CD10X7G3H-LIUF,NETWORK CAMERAS,Value Series Network Cameras with ColorVu 3.0,yes,,"X=2/4/6/8 MP
HikAI-ISP
4 MP, 0.0001 lux@F1.0
IR/white light up to 40 m
IP67",11
DS-2CD13X7G3H-LIUF,NETWORK CAMERAS,Value Series Network Cameras with ColorVu 3.0,yes,,"X=2/4/6/8 MP
HikAI-ISP
4 MP, 0.0001 lux@F1.0
IR/white light up to 40 m
IP67",11
DS-2CD1TX7G3H-LIUF,NETWORK CAMERAS,Value Series Network Cameras with ColorVu 3.0,yes,,"X=2/4/6/8 MP
HikAI-ISP
4 MP, 0.0001 lux@F1.0
IR/white light up to 50 m
IP67",12
DS-2CD1BX7G3H-LIUF,NETWORK CAMERAS,Value Series Network Cameras with ColorVu 3.0,yes,,"X=2/4/6/8 MP
HikAI-ISP
4 MP, 0.0001 lux@F1.0
IR/white light up to 50 m
IP67",12
DS-2CD11X7G3H-LIUF,NETWORK CAMERAS,Value Series Network Cameras with ColorVu 3.0,yes,,"X=2/4/6/8 MP
HikAI-ISP
4 MP, 0.0001 lux@F1.0
IR/white light up to 40 m
IP67, IK08",12
DS-2CD1367G2HP-LIUF/SL(RB),NETWORK CAMERAS,Value Series Network Cameras with Dual-Lens,,,"180° panoramic view
Strobe light & audio alarm
Two-way audio
6 MP, 0.001 lux@F1.0
IR/white light up to 30 m
IP67",12
DS-2CD1T67G2HP-LIUF/SL(RB),NETWORK CAMERAS,Value Series Network Cameras with Dual-Lens,,,"180° panoramic view
Strobe light & audio alarm
Two-way audio
6 MP, 0.001 lux@F1.0
IR/white light up to 30 m
IP67",12
DS-2CD1363G2P-LIUF/SL,NETWORK CAMERAS,Value Series Network Cameras with Dual-Lens,,,"180° panoramic view
Strobe light & audio alarm
6 MP, 1/2.5”CMOS sensor
0.005 lux@F1.6
IR/white light up to 30 m
120 dB WDR
IP67",12
DS-2CD1383G2P-LIUF/SL,NETWORK CAMERAS,Value Series Network Cameras with Dual-Lens,,,"180° panoramic view
Strobe light & audio alarm
8 MP, 0.005 lux@F1.6
IR/white light up to 30 m
120 dB WDR
IP67",12
DS-2CD1T63G2P-LIUF/SL,NETWORK CAMERAS,Value Series Network Cameras with Dual-Lens,,,"180° panoramic view
Strobe light & audio alarm
6 MP, 0.005 lux@F1.6
IR/white light up to 30 m
120 dB WDR
IP67",12
DS-2CD1T83G2P-LIUF/SL,NETWORK CAMERAS,Value Series Network Cameras with Dual-Lens,,,"180° panoramic view
Strobe light & audio alarm
8 MP, 0.005 lux@F1.6
IR/white light up to 30 m
120 dB WDR
IP67",12
DS-2CD10X7G2H-LIUF/SL(RB),NETWORK CAMERAS,Value Series Network Cameras with ColorVu 2.0,,,"X=2/4/6 MP
Strobe light & audio alarm
Two-way audio
4 MP, 0.001 lux@F1.0
IR/white light up to 30 m
IP67",12
DS-2CD13X7G2H-LIUF/SL(RB),NETWORK CAMERAS,Value Series Network Cameras with ColorVu 2.0,,,"X=2/4/6 MP
Strobe light & audio alarm
Two-way audio
4 MP, 0.001 lux@F1.0
IR/white light up to 30 m
IP67",12
DS-2CD1TX7G2H-LIUF/SL(RB),NETWORK CAMERAS,Value Series Network Cameras with ColorVu 2.0,,,"X=2/4/6 MP
Strobe light & audio alarm
Two-way audio
4 MP, 0.001 lux@F1.0
IR/white light up to 50 m
IP67",12
DS-2CD1BX7G2H-LIUF/SL(RB),NETWORK CAMERAS,Value Series Network Cameras with ColorVu 2.0,,,"Strobe light & audio alarm
Two-way audio
4 MP, 0.001 lux@F1.0
IR/white light up to 50 m
IP67",13
DS-2CD11X7G2H-LIUF,NETWORK CAMERAS,Value Series Network Cameras with ColorVu 2.0,,,"X=2/4/6 MP
4 MP, 0.001 lux@F1.0
IR/white light up to 30 m
Built-in Mic
IP67, IK08",13
DS-2CD10X3G2-LIUF/SL,NETWORK CAMERAS,Value Series Network Cameras with Smart Hybrid Light,,,"X=2/4/6/8 MP
Strobe light & audio alarm
4 MP, 1/3”CMOS sensor
4 MP, 0.005 lux@F1.6
IR/white light up to 30 m
DWDR
IP67",13
DS-2CD13X3G2-LIUF/SL,NETWORK CAMERAS,Value Series Network Cameras with Smart Hybrid Light,,,"X=2/4/6/8 MP
Strobe light & audio alarm
4 MP, 1/3”CMOS sensor
4 MP, 0.005 lux@F1.6
IR/white light up to 30 m
DWDR
IP67",13
DS-2CD1TX3G2-LIUF/SL,NETWORK CAMERAS,Value Series Network Cameras with Smart Hybrid Light,,,"X=2/4/6/8 MP
Strobe light & audio alarm
4 MP, 1/3”CMOS sensor
4 MP, 0.005 lux@F1.6
IR/white light up to 50 m
DWDR
IP67",13
DS-2CD1BX3G2-LIUF/SL,NETWORK CAMERAS,Value Series Network Cameras with Smart Hybrid Light,,,"X=2/4 MP
Strobe light & audio alarm
4 MP, 1/3”CMOS sensor
4 MP, 0.005 lux@F1.6
IR/white light up to 60 m
DWDR
IP67",13
DS-2CD11X3G2-LIUF,NETWORK CAMERAS,Value Series Network Cameras with Smart Hybrid Light,,,"X=2/4/6/8 MP
4 MP, 1/3”CMOS sensor
4 MP, 0.005 lux@F1.6
IR/white light up to 30 m
120 dB WDR
IP67, IK08",13
DS-2CD16X3G2-LIZSU/SL,NETWORK CAMERAS,Value Series Network Cameras with Smart Hybrid Light,,,"X=2/4/6 MP
2.8-12 mm
4 MP, 1/3”CMOS sensor
4 MP, 0.005 lux@F1.6
IR/white light up to 50 m
DWDR
IP67",13
DS-2CD17X3G2-LIZSU,NETWORK CAMERAS,Value Series Network Cameras with Smart Hybrid Light,,,"X=2/4/6 MP
2.8-12 mm
4 MP, 1/3”CMOS sensor
4 MP, 0.005 lux@F1.6
IR/white light up to 30 m
DWDR
IP67, IK10",13
DS-2DE2C200MWG-E,NETWORK CAMERAS,Value Series PT Network Cameras,,,"Auto Tracking Lite
Pan: 0°-345°, tilt: 0°-80°
Smart hybrid light
2 MP, 0.01 lux@F2.0
IR/white light up to 30 m
IP66",14
DS-2DE2C400MWG-E,NETWORK CAMERAS,Value Series PT Network Cameras,,,"Auto Tracking Lite
Pan: 0°-345°, tilt: 0°-80°
Smart hybrid light
4 MP, 0.01 lux@F2.0
IR/white light up to 30 m
IP66",14
DS-2DE2C600MWG-E,NETWORK CAMERAS,Value Series PT Network Cameras,,,"Auto Tracking Lite
Pan: 0°-345°, tilt: 0°-80°
Smart hybrid light
6 MP, 0.001 lux@F1.6
IR/white light up to 30 m
IP66",14
DS-2DE2A404IWG1-E,NETWORK CAMERAS,Value Series PTZ Cameras,yes,,"4 MP@25/30 fps, 4x optical zoom
Pan: 0° to 355°, tilt: 0° to 90°
IR range: 20 m
Built-in microphone and speaker
Power-over-Ethernet
IP66, IK10",14
DS-2DE2A404IWG1-E/W,NETWORK CAMERAS,Value Series PTZ Cameras,yes,,"4 MP@25/30 fps, 4x optical zoom
Pan: 0° to 355°, tilt: 0° to 90°
IR range: 20 m
Built-in microphone and speaker
Wi-Fi communication
Power-over-Ethernet
IP66, IK10",14
DS-2DE3A400BW-DE,NETWORK CAMERAS,Value Series PTZ Cameras,yes,,"4 MP@25/30 fps, 2.8 mm/4 mm lens
Pan: 0° to 350°, tilt: 0° to 90°
White light range: 30 m
Strobe light and audio alarm
Built-in microphone and speaker
Power-over-Ethernet
IP66",14
DS-2DE3A404IWG-E,NETWORK CAMERAS,Value Series PTZ Cameras,,,"4 MP@25/30 fps, 2.8 mm/4 mm lens
Pan: 0° to 350°, tilt: 0° to 90°
White light range: 30 m
Strobe light and audio alarm
Built-in microphone and speaker
Power-over-Ethernet
IP66",14
DS-2SE3C404MWG-E/14,NETWORK CAMERAS,Value Series PTZ Cameras,,,"Panoramic: 4 MP@25/30 fps, 2.8 mm Tilt: 7°-17°
PTZ: 4 MP@25/30 fps, 4x optical zoom Pan: 0° to 350°, tilt: -5° to 90°
Smart linkage between bullet camera and PTZ channels for Auto Tracking Lite
Built-in microphone and speaker
White light (30 m) and IR light (40 m)
IP66",14
DS-2SE3C404MWG-4G/14,NETWORK CAMERAS,Value Series PTZ Cameras,yes,,"Panoramic: 4 MP@25/30 fps, 2.8 mm, tilt: 7°-17°
PTZ: 4 MP@25/30 fps, 4x optical zoom Pan: 0° to 350°, tilt: -5° to 90°
Smart linkage between bullet camera and PTZ channels for Auto Tracking Lite
Built-in microphone and speaker
White light (30 m) and IR light (40 m)
4G communication
IP66",14
DS-2DE3C210IX-DE(C1)(0-STD)(T5),NETWORK CAMERAS,Pro Series PTZ Cameras,,,"1/2.8” 2 MP CM0S, 10x optical zoom
2 MP @25/30 fps
AcuSense, people counting
Pan: 360° (continuous rotation) tilt: -15° to 90°
Strobe light and audio alarm
50 m IR
IP66",15
DS-2DE4425IWG1-E,NETWORK CAMERAS,Pro Series PTZ Cameras,yes,,"1/2.8” 4 MP CMOS, 25x optical zoom
SharpMotion AI-ISP
4 MP@25/30 fps
Self-learning rapid focus
Pan: 360° (continuous rotation) tilt: -15° to 90°
100 m IR
IP67",15
DS-2DE4825IWG1-E,NETWORK CAMERAS,Pro Series PTZ Cameras,yes,,"1/2.8” 4 MP CMOS, 25x optical zoom
SharpMotion AI-ISP
4 MP@25/30 fps
Self-learning rapid focus
Pan: 360° (continuous rotation), tilt: -15° to 90°
100 m IR
IP67",15
DS-2DE4A425IWG1-E,NETWORK CAMERAS,Pro Series PTZ Cameras,yes,,"1/2.8” 4 MP CMOS, 25x optical zoom
SharpMotion AI-ISP
4 MP@25/30 fps
Auto tracking 2.0
Self-learning rapid focus
Pan: 360° (continuous rotation), tilt: -5° to 90°
50 m IR
IP67",15
DS-2SE4C425MWG1-E/14,NETWORK CAMERAS,Pro Series PTZ Cameras,yes,,"Panoramic: 4 MP@25/30 fps, 2.8 mm lens, Tilt: 9°-21°
PTZ: 4 MP@25/30 fps, 25x optical zoom, Pan: 360° (continuous rotation), tilt: -15° to 90°
Smart linkage between bullet and PTZ channels for auto tracking
White strobe light and audio alarm
Built-in microphone and speaker
White light (30 m) and IR (100 m)
IP67",15
DS-2SE4C425MWG-E/26,NETWORK CAMERAS,Pro Series PTZ Cameras,yes,,"Panoramic: 2 x 1/2.5"" CM0S, 6 MP, 180° FOV
PTZ: 1/2.8"" 4 MP CM0S, 25x optical zoom
Pan: 360° (continuous rotation), tilt: -15° to 90°
4 MP@25/30 fps
Smart linkage between bullet and PTZ channels for auto tracking
30 m white light and 100 m IR
IP66",15
DS-2SE4C425MWG1-E/RB/14,NETWORK CAMERAS,Pro Series PTZ Cameras,yes,,"Panoramic: 4 MP@25/30 fps, 2.8 mm, Tilt: 9°-21°
PTZ: 4 MP@25/30 fps, 25x optical zoom, Pan: 360° (continuous rotation), tilt: -15° to 90°
Smart linkage between bullet and PTZ channels for auto tracking
Red & blue strobe light and audio alarm
Built-in microphone and speaker
White light (30 m) and IR (100 m)
IP67",15
DS-2SE4C425MWG1-4G/14,NETWORK CAMERAS,Pro Series PTZ Cameras,yes,,"Panoramic: 4 MP@25/30 fps, 2.8 mm, Tilt: 9°-21°
PTZ: 4 MP@25/30 fps, 25x optical zoom, Pan: 360° (continuous rotation), tilt: -15° to 90°
Smart linkage between bullet and PTZ channels for auto tracking
White strobe light and audio alarm
Built-in microphone and speaker
White light (30 m) and IR (100 m)
4G communication
IP67",15
DS-2SE4C425MWG1-E/14 (Black),NETWORK CAMERAS,Pro Series PTZ Cameras,yes,,"Panoramic: 4 MP@25/30 fps, 2.8 mm, Tilt: 9°- 21°
PTZ: 4 MP@25/30 fps, 25x optical zoom, Pan: 360° (continuous rotation), tilt: -15° to 90°
AcuSense
Smart linkage between bullet and PTZ channels for auto tracking
White strobe light and audio alarm
Built-in microphone and speaker
White light (30 m) and IR (100 m)
IP67",15
DS-2DE5432IWG1-E,NETWORK CAMERAS,Pro Series PTZ Cameras,yes,,"1/2.8” 4 MP CMOS, 32x optical zoom
SharpMotion AI-ISP
4 MP@25/30 fps
Auto Tracking 2.0
Self-learning rapid focus
Pan: 360° (continuous rotation), tilt: -15° to 90°
IR range: 150 m
IP67",15
DS-2DE7A432IWG1-E,NETWORK CAMERAS,Pro Series PTZ Cameras,yes,,"1/1.8” 4 MP CMOS, 32x optical zoom
SharpMotion AI-ISP
4 MP@25/30 fps
Auto Tracking 2.0
White strobe light and audio alarm
Self-learning rapid focus
Pan: 360° (continuous rotation), tilt: -15° to 90°
IR range: 200 m
IP67, IK10",15
DS-2DE7A825IWG1-E,NETWORK CAMERAS,Pro Series PTZ Cameras,yes,,"1/1.8” 8 MP CMOS, 25x optical zoom
SharpMotion AI-ISP
8 MP@25/30 fps
Auto Tracking 2.0
White strobe light and audio alarm
Self-learning rapid focus
Pan: 360° (continuous rotation), tilt: -15° to 90°
IR range: 200 m
IP67, IK10",15
DS-2CFW06-P,CABLE-FREE SERIES,EasyLink Wi-Fi Cameras,yes,,"3 MP+3 MP, 1/2.5”CMOS
180° Field of view
0.005 lux@F1.6
IR/white light up to 30 m
Two-way audio
IP67",17
DS-2CFWQ6-D,CABLE-FREE SERIES,EasyLink Wi-Fi Cameras,yes,,"3 MP+3 MP, 1/2.8”CMOS
Panoramic and detail view
Smart Tracking
One-tap Privacy Mode
IR/white light up to 10 m
Two-way audio",17
DS-2CFS04/4G,CABLE-FREE SERIES,Pro Solar-powered Security Camera Setup,yes,,"4 MP
0.005 lux@F1.6
IR/white light up to 30 m
Motion Detection 2.0
Two-way audio
IP 66",17
DS-2CFSP4/4G,CABLE-FREE SERIES,Pro Solar-powered Security Camera Setup,yes,,"4 MP
0.005 lux@F1.6
Smart Tracking
IR/white light up to 30 m
Motion Detection 2.0
Two-way audio
IP 66",17
DS-2CFSP8-D/4G,CABLE-FREE SERIES,Pro Solar-powered Security Camera Setup,yes,,"4 MP+4 MP
0.005 lux@F1.6
Smart Tracking
IR/white light up to 30 m
Motion Detection 2.0
Two-way audio",17
HM-TD2618/G0/T1A,THERMAL,HeatPro Series Thermal Cameras,yes,,"Thermal: 160 x 120@12 μm, NETD < 25 mk
Optical: 5 MP
100 m perimeter protection
Smart Hybrid Light and audible warning
IP67, IK10",18
HM-TD2628/G1/T3A,THERMAL,HeatPro Series Thermal Cameras,yes,,"Thermal: 256 x 192 @12 μm, NETD < 25 mk
Optical: 5 MP
120 m perimeter protection
GUANLAN Large-Scale AI Model
Smart Hybrid Light and audible warning
IP67, IK10",18
HM-TD1218/G0/T1A,THERMAL,HeatPro Series Thermal Cameras,yes,,"Thermal: 160 x 120@12 μm, NETD < 25 mk
Optical: 5 MP
70 m perimeter protection
Smart Hybrid Light and audible warning
IP67",18
HM-TD1228/G1/T3A,THERMAL,HeatPro Series Thermal Cameras,yes,,"Thermal: 256 x 192@12 μm, NETD < 25 mk
Optical: 5 MP
84 m perimeter protection
GUANLAN Large-Scale AI Model
Smart Hybrid Light and audible warning
IP67",18
HM-TD2628T/G1/T3A,THERMAL,HeatPro Series Thermal Cameras,yes,,"Thermal: 256 x 192@12 μm, NETD < 25 mk
Optical: 5 MP
Anomaly temperature detection and smoke detection with GUANLAN Large-Scale AI Model
-20 - 650°C temperature range with ± 2 °C or ± 2% accuracy
Smart Hybrid Light and audible warning
IP67, IK10",18
HM-TD1228T/G1/T3A,THERMAL,HeatPro Series Thermal Cameras,yes,,"Thermal: 256 x 192@12 μm, NETD < 25 mk
Optical: 5 MP
Anomaly temperature detection and smoke detection with GUANLAN Large-Scale AI Model
-20 - 650 °C temperature range with ± 2 °C or ± 2% accuracy
Smart Hybrid Light and audible warning
IP67",18
HM-TD3028T/Q(B),THERMAL,HeatPro Series Thermal Cameras,,,"256x192@12 μm, NETD < 40 mk; 0ptical 4Mp
90°/50° HFOV
Anomaly temperature detection -20 - 550 °C temperature range with± 2 °C or ± 2% accuracy
Smart whitelight supplement
IP67",18
HM-TD3118T/Q,THERMAL,HeatPro Series Thermal Cameras,,,"160 x 120@12 μm, NETD < 40 mk
110°/90° HFOV
Anomaly temperature detection-20 - 550 °C temperature range with± 2 °C or ± 2% accuracy
IP67",18
HM-TD1017,THERMAL,HeatPro Series Thermal Cameras,,,"160 x 120@17 μm, NETD < 50 mk
110°/90° HFOV
People number exception and people counting
Healthy tracking for anomaly behavior detection
2.4 GHz Wi-Fi
Tpye-C and PoE",18
HM-TD1018,THERMAL,HeatPro Series Thermal Cameras,,,"160 x 120@12 μm, NETD < 50 mk
90° HFOV
People number exception and people counting
Falling detection based on radar
PoE",18
DS-2TD4228/S2,THERMAL,HeatPro Series Thermal Cameras,,,"256 x 192@12 μm, NETD < 35 mk;
0ptical 4 MP, 4.8-153 mm, 32x
Perimeter protection and anomaly temperature detection
Fire and smoke detection-20 - 150 °C temperature range with± 8 °C accuracy
Linkage smart tracking",18
DS-2TD4228T/S2,THERMAL,HeatPro Series Thermal Cameras,,,"256 x 192@12 μm, NETD < 35 mk;
0ptical 4 MP, 4.8-153 mm, 32x
Perimeter protection and anomaly temperature detection
Fire and smoke detection
-20-550 °C temperature range with± 2 °C or ± 2% accuracy
Linkage smart tracking",18
DS-7608NXI-I2(/8P)/VPro,NVR,I/VPro Series,yes,,"8-ch IP video input; /P: PoE
Up to 96 Mbps incoming bandwidth
Up to 2 × 32 MP/8 × 8 MP/16 × 4 MP/32 × 1080p decoding capability
2 SATA interface, up to 20 TB for each HDD
Power by Guanlan Large-Scale AI Model
Full Channel AcuSeek with Acusense IPC
Full Channel AcuSearch with Acusense IPC",20
DS-7616NXI-I2(/8P)/VPro,NVR,I/VPro Series,yes,,"16-ch IP video input; /P: PoE
Up to 192 Mbps incoming bandwidth
Up to 2 × 32 MP/8 × 8 MP/16 × 4 MP/32 × 1080p decoding capability
2 SATA interface, up to 20 TB for each HDD
Power by Guanlan Large-Scale AI Model
Full Channel AcuSeek with Acusense IPC
Full Channel AcuSearch with Acusense IPC",20
DS-7716NXI-I4(/8P)/VPro,NVR,I/VPro Series,yes,,"16-ch IP video input; /P: PoE
Up to 192 Mbps incoming bandwidth
Up to 2 × 32 MP/8 × 8 MP/16 × 4 MP/32 × 1080p decoding capability
4 SATA interface, up to 20 TB for each HDD
Power by Guanlan Large-Scale AI Model
Full Channel AcuSeek with Acusense IPC
Full Channel AcuSearch with Acusense IPC",20
DS-7732NXI-I4(/16P)/VPro,NVR,I/VPro Series,yes,,"32-ch IP video input; /P: PoE
Up to 384 Mbps incoming bandwidth
Up to 2 × 32 MP/8 × 8 MP/16 × 4 MP/32 ×",20
DS-7608NXI-I2(/8P)/S(E),NVR,I Series with AcuSense(E),yes,,"8-ch IP video input; /P: PoE
Up to 80 Mbps incoming bandwidth
Up to 2 × 32 MP/8 × 8 MP/16 × 4 MP/32 × 1080p decoding capability
2 SATA interfaces, up to 16 TB for each HDD
Full Channel AcuSearch with Acusense IPC
Up to 8-ch Motion Detection 2.0
Up to 4-ch perimeter protection
Up to 4-ch facial recognition for video stream",20
DS-7616NXI-I2(/16P)/S(E),NVR,I Series with AcuSense(E),yes,,"16-ch IP video input; /P: PoE
Up to 160 Mbps incoming bandwidth
Up to 2 × 32 MP/8 × 8 MP/16 × 4 MP/32 × 1080p decoding capability
2 SATA interfaces, up to 16 TB for each HDD
Full Channel AcuSearch with Acusense IPC
Up to 16-ch Motion Detection 2.0
Up to 4-ch perimeter protection
Up to 4-ch facial recognition for video stream",20
DS-7732NXI-I4(/16P)/S(E),NVR,I Series with AcuSense(E),yes,,"32-ch IP video input; /P: PoE
Up to 256 Mbps incoming bandwidth
Up to 2 × 32 MP/8 × 8 MP/16 × 4 MP/32 × 1080p decoding capability
4 SATA interfaces, up to 16 TB for each HDD
Full Channel AcuSearch with Acusense IPC
Up to 32-ch Motion Detection 2.0
Up to 4-ch perimeter protection
Up to 4-ch facial recognition for video stream",20
DS-7604NXI-K1(/4P)(E),NVR,K series with AcuSense,yes,,"4-ch IP video input; /P: PoE
Up to 40 Mbps incoming bandwidth
Up to 3 × 12 MP / 5 × 8 MP / 10 × 4 MP / 20 × 1080p decoding capacity
1 SATA interface, up to 16 TB for each HDD
Full Channel AcuSearch with Acusense IPC
Up to 2 channels for perimeter protection
Up to 4 channels facial recognition for picture stream
Up to 4 channels Motion Detection 2.0",20
DS-7608NXI-K1(/8P)(E),NVR,K series with AcuSense,yes,,"8-ch IP video input; /P: PoE
Up to 80 Mbps incoming bandwidth
Up to 3 × 12 MP / 5 × 8 MP / 10 × 4 MP / 20 × 1080p decoding capacity
1 SATA interface, up to 16 TB for each HDD
Full Channel AcuSearch with Acusense IPC
Up to 2 channels perimeter protection
Up to 8 channels facial recognition for picture stream
Up to 8 channels Motion Detection 2.0",20
DS-7608NXI-K2(/8P)(E),NVR,K series with AcuSense,yes,,"8-ch IP video input; /P: PoE
Up to 80 Mbps incoming bandwidth
Up to 3 × 12 MP / 5 × 8 MP / 10 × 4 MP / 20 × 1080p decoding capacity
2 SATA interfaces, up to 16 TB for each HDD
Full Channel AcuSearch with Acusense IPC
Up to 2 channels perimeter protection
Up to 8 channels facial recognition for picture stream
Up to 8 channels Motion Detection 2.0",20
DS-7616NXI-K2(/16P)(E),NVR,K series with AcuSense,yes,,"16-ch IP video input; /P: PoE
Up to 160 Mbps incoming bandwidth
Up to 3 × 12 MP / 5 × 8 MP / 10 × 4 MP / 20 × 1080p decoding capacity
2 SATA interfaces, up to 16 TB for each HDD
Full Channel AcuSearch with Acusense IPC
Up to 2 channels perimeter protection
Up to 8 channels facial recognition for picture stream
Up to 16 channels Motion Detection 2.0",21
DS-7732NXI-K4(/16P)(E),NVR,K series with AcuSense,yes,,"32-ch IP video input; /P: PoE
Up to 256 Mbps incoming bandwidth
Up to 3 × 12 MP / 5 × 8 MP / 10 × 4 MP / 20 × 1080p decoding capacity
4 SATA interfaces, up to 16 TB for each HDD
Full Channel AcuSearch with Acusense IPC
Up to 2 channels perimeter protection
Up to 8 channels facial recognition for picture stream
Up to 32 channels Motion Detection 2.0",21
DS-7604NI-Q1(/4P)(E),NVR,76Q Series,yes,,"4-ch IP video input; /P: PoE
Up to 40 Mbps incoming bandwidth
Up to 2 × 8 MP / 4 × 4 MP / 8 × 1080p decoding capacity
1 SATA interface, up to 8 TB
1-ch Motion Detection 2.0",21
DS-7608NI-Q1(/8P)(E),NVR,76Q Series,yes,,"8-ch IP video input; /P: PoE
Up to 80 Mbps incoming bandwidth
Up to 2 × 8 MP / 4 × 4 MP / 8 × 1080p decoding capacity
1 SATA interface, up to 8 TB
Up to 4-ch Motion Detection 2.0",21
DS-7608NI-Q2(/8P)(E),NVR,76Q Series,yes,,"16-ch IP video input; /P: PoE
Up to 80 Mbps incoming bandwidth
Up to 2 × 8 MP / 4 × 4 MP / 8 × 1080p decoding capacity
2 SATA interface, up to 8 TB
Up to 4-ch Motion Detection 2.0",21
DS-7616NI-Q2(/8P)(E),NVR,76Q Series,yes,,"4-ch IP video input; /P: PoE
Up to 40 Mbps incoming bandwidth
Up to 2 × 8 MP / 4 × 4 MP / 8 × 1080p",21
DS-7104NI-Q1(/4P)(D),NVR,71Q Series,,,"4-ch IP video input; /P: PoE
Up to 40 Mbps incoming bandwidth
Up to 1 × 6 MP / 2 × 4 MP / 4 × 1080p decoding capacity
1 SATA interface, up to 6 TB",21
DS-7108NI-Q1(D),NVR,71Q Series,,,"8-ch IP video input
Up to 60 Mbps incoming bandwidth
Up to 1 × 6 MP / 2 × 4 MP / 4 × 1080p decoding capacity
1 SATA interface, up to 6 TB",21
DS-7108NI-Q1/8P(D),NVR,71Q Series,,,"8-ch IP video input; /P: PoE
Up to 60 Mbps incoming bandwidth
Up to 1 × 6 MP / 2 × 4 MP / 4 × 1080p decoding capacity
1 SATA interface, up to 6 TB",21
DS-2CE10DF0T-LP(X)TS | DS-2CE10KF0T-LP(X)TS,TURBO HD,ColorVu Cameras with Two-way Audio,yes,,"2 MP, 3K, 2.8 mm, 3.6 mm fixed focal lens
0.001 lux@F1.0
Two-way audio
Smart Hybrid Light
IP67
-X: strobe light and audio alarm",22
DS-2CE10DF0T-L(X)TS | DS-2CE10KF0T-L(X)TS,TURBO HD,ColorVu Cameras with Two-way Audio,yes,,"2 MP, 3K, 2.8 mm, 3.6 mm fixed focal lens
0.001 lux@F1.0
Two-way audio
Smart Hybrid Light
IP67
-X: strobe light and audio alarm",22
DS-2CE12DF0T-L(X)TS | DS-2CE12KF0T-L(X)TS,TURBO HD,ColorVu Cameras with Two-way Audio,yes,,"2 MP, 3K, 2.8 mm, 3.6 mm fixed focal lens
0.001 lux@F1.0
Two-way audio
Smart Hybrid Light
IP67
-X: strobe light and audio alarm",22
DS-2CE19DF0T-L(X)TS | DS-2CE19KF0T-L(X)TS,TURBO HD,ColorVu Cameras with Two-way Audio,yes,,"2 MP, 3K, 2.8 mm, 3.6 mm, 6mm fixed focal lens
0.001 lux@F1.0
Two-way audio
Smart Hybrid Light
IP67
-X: strobe light and audio alarm",22
DS-2CE72DF0T-LP(X)TS | DS-2CE72KF0T-LP(X)TS,TURBO HD,ColorVu Cameras with Two-way Audio,yes,,"2 MP, 3K, 2.8 mm, 3.6 mm fixed focal lens
0.001 lux@F1.0
Two-way audio
Smart Hybrid Light
IP67
-X: strobe light and audio alarm",22
DS-2CE72DF0T-L(X)TS | DS-2CE72KF0T-L(X)TS,TURBO HD,ColorVu Cameras with Two-way Audio,yes,,"2 MP, 3K, 2.8 mm, 3.6 mm fixed focal lens
0.001 lux@F1.0
Two-way audio
Smart Hybrid Light
IP67
-X: strobe light and audio alarm",22
DS-2CE16D0T-LP(X)TS | DS-2CE16K0T-LP(X)TS | DS-2CE16U0T-LP(X)TS,TURBO HD,Smart Hybrid Light Cameras with Two-way Audio,yes,,"2 MP,3K,4K resolution
2.8 mm, 3.6 mm fixed focal lens
Two-way audio
Smart Hybrid Light
IP67
(X) models: strobe light and audio alarm",22
DS-2CE16D0T-L(X)TS | DS-2CE16K0T-L(X)TS | DS-2CE16U0T-L(X)TS,TURBO HD,Smart Hybrid Light Cameras with Two-way Audio,yes,,"2 MP,3K,4K resolution
2.8 mm, 3.6 mm fixed focal lens
Two-way audio
Smart Hybrid Light
IP67
(X) models: strobe light and audio alarm",22
DS-2CE17D0T-L(X)TS | DS-2CE17K0T-L(X)TS | DS-2CE17U0T-L(X)TS,TURBO HD,Smart Hybrid Light Cameras with Two-way Audio,yes,,"2 MP,3K,4K resolution
2.8 mm, 3.6 mm fixed focal lens
Two-way audio
Smart Hybrid Light
IP67
(X) models: strobe light and audio alarm",22
DS-2CE19D0T-L(X)TS | DS-2CE19K0T-L(X)TS | DS-2CE19U0T-L(X)TS,TURBO HD,Smart Hybrid Light Cameras with Two-way Audio,yes,,"2 MP,3K,4K resolution
2.8 mm, 3.6 mm, 6mm fixed focal lens
Two-way audio
Smart Hybrid Light
IP67
(X) models: strobe light and audio alarm",22
DS-2CE78D0T-LP(X)TS | DS-2CE78K0T-LP(X)TS | DS-2CE78U0T-LP(X)TS,TURBO HD,Smart Hybrid Light Cameras with Two-way Audio,yes,,"2 MP,3K,4K resolution
2.8 mm, 3.6 mm fixed focal lens
Two-way audio
Smart Hybrid Light
IP67
(X) models: strobe light and audio alarm",22
DS-2CE78D0T-L(X)TS | DS-2CE78K0T-L(X)TS | DS-2CE78U0T-L(X)TS,TURBO HD,Smart Hybrid Light Cameras with Two-way Audio,yes,,"2 MP,3K,4K resolution
2.8 mm, 3.6 mm fixed focal lens
Two-way audio
Smart Hybrid Light
IP67
(X) models: strobe light and audio alarm",22
DS-2CE10DF3T-L(P)FS,TURBO HD,Smart Hybrid Light Cameras with ColorVu,,,"2 MP, 2.8 mm, 3.6 mm fixed focal lens
0.0005 lux@F1.0
Built-in mic
4 in 1 (TVI/AHD/CVI/CVBS)
IP67",23
DS-2CE12DF3T-LFS,TURBO HD,Smart Hybrid Light Cameras with ColorVu,,,"2 MP, 2.8 mm, 3.6 mm fixed focal lens
0.0005 lux@F1.0
Built-in mic
4 in 1 (TVI/AHD/CVI/CVBS)
IP67",23
DS-2CE50DF3T-VPLFS,TURBO HD,Smart Hybrid Light Cameras with ColorVu,,,"2 MP, 2.8 mm, 3.6 mm fixed focal lens
0.0005 lux@F1.0
Built-in mic
4 in 1 (TVI/AHD/CVI/CVBS)
IP67",23
DS-2CE70DF3T-LMFS,TURBO HD,Smart Hybrid Light Cameras with ColorVu,,,"2 MP, 2.8 mm, 3.6 mm fixed focal lens
0.0005 lux@F1.0
Built-in mic
4 in 1 (TVI/AHD/CVI/CVBS)
IP67",23
DS-2CE70DF3T-LPFS,TURBO HD,Smart Hybrid Light Cameras with ColorVu,,,"2 MP, 2.8 mm, 3.6 mm fixed focal lens
0.0005 lux@F1.0
Built-in mic
4 in 1 (TVI/AHD/CVI/CVBS)",23
DS-2CE72DF3T-LFS,TURBO HD,Smart Hybrid Light Cameras with ColorVu,,,"2 MP, 2.8 mm, 3.6 mm fixed focal lens
0.0005 lux@F1.0
Built-in mic
4 in 1 (TVI/AHD/CVI/CVBS)
IP67",23
DS-2CE10KF3T-LS(YE),TURBO HD,Smart Hybrid Light Cameras with ColorVu,yes,,"2.8 mm, 3.6 mm fixed focal lens
0.0005 lux@F1.0
Smart Hybrid Light
IP67
-E: PoC
-Y: Anti-corrosion (NEMA4X)",23
DS-2CE12KF3T-LS(YE),TURBO HD,Smart Hybrid Light Cameras with ColorVu,yes,,"2.8 mm, 3.6 mm fixed focal lens
0.0005 lux@F1.0
Smart Hybrid Light
IP67
-E: PoC
-Y: Anti-corrosion design (NEMA4X)",23
DS-2CE72KF3T-LS(YE),TURBO HD,Smart Hybrid Light Cameras with ColorVu,yes,,"2.8 mm, 3.6 mm fixed focal lens
0.0005 lux@F1.0
Smart Hybrid Light
IP67
-E: PoC
-Y: Anti-corrosion design (NEMA4X)",23
DS-2CE72KF3TP-DLS | DS-2CE12KF3TP-DLS,TURBO HD,Smart Hybrid Light Cameras with ColorVu,yes,,"2 fixed focal lens, 180° FOV
0.0005 lux@F1.0
Smart Hybrid Light
IP67",23
DS-2CE10DF0T-LPFS | DS-2CE10KF0T-LPFS,TURBO HD,Smart Hybrid Light Cameras with ColorVu,,,"2 MP, 3K, 2.8 mm, 3.6 mm fixed focal lens
0.001 lux@F1.0
Built-in mic
4 in 1 (TVI/AHD/CVI/CVBS)
IP67",24
DS-2CE10DF0T-LFS | DS-2CE10KF0T-LFS,TURBO HD,Smart Hybrid Light Cameras with ColorVu,,,"2 MP, 3K, 2.8 mm, 3.6 mm fixed focal lens
0.001 lux@F1.0
Built-in mic
4 in 1 (TVI/AHD/CVI/CVBS)
IP67",24
DS-2CE12DF0T-LFS | DS-2CE12KF0T-LFS,TURBO HD,Smart Hybrid Light Cameras with ColorVu,,,"2 MP, 3K, 2.8 mm, 3.6 mm fixed focal lens
0.001 lux@F1.0
Built-in mic
4 in 1 (TVI/AHD/CVI/CVBS)
IP67",24
DS-2CE70DF0T-LMFS | DS-2CE70KF0T-LMFS,TURBO HD,Smart Hybrid Light Cameras with ColorVu,,,"2 MP, 3K, 2.8 mm, 3.6 mm fixed focal lens
0.001 lux@F1.0
Built-in mic
4 in 1 (TVI/AHD/CVI/CVBS)
IP67",24
DS-2CE70DF0T-LPFS | DS-2CE70KF0T-LPFS,TURBO HD,Smart Hybrid Light Cameras with ColorVu,,,"2 MP, 3K, 2.8 mm, 3.6 mm fixed focal lens
0.001 lux@F1.0
Built-in mic
4 in 1 (TVI/AHD/CVI/CVBS)",24
DS-2CE72DF0T-LFS | DS-2CE72KF0T-LFS,TURBO HD,Smart Hybrid Light Cameras with ColorVu,,,"2 MP, 3K, 2.8 mm, 3.6 mm fixed focal lens
0.001 lux@F1.0
Built-in mic
4 in 1 (TVI/AHD/CVI/CVBS)
IP67",24
DS-2CE16D0T-L(P)FS | DS-2CE16G0T-L(P)FS | DS-2CE16K0T-L(P)FS,TURBO HD,Smart Hybrid Light Cameras,,,"2 MP,2K,3K resolution
2.8 mm, 3.6 mm fixed focal lens
Smart Hybrid Light
Built-in mic
4 in 1 (TVI/AHD/CVI/CVBS)
IP67",24
DS-2CE17D0T-LFS | DS-2CE17G0T-LFS | DS-2CE17K0T-LFS,TURBO HD,Smart Hybrid Light Cameras,,,"2 MP,2K,3K resolution
2.8 mm, 3.6 mm fixed focal lens
Smart Hybrid Light
Built-in mic
4 in 1 (TVI/AHD/CVI/CVBS)
IP67",24
DS-2CE18D0T-LFS | DS-2CE18K0T-LFS,TURBO HD,Smart Hybrid Light Cameras,,,"2 MP,3K resolution
2.8 mm, 3.6 mm fixed focal lens
Smart Hybrid Light
Built-in mic
4 in 1 (TVI/AHD/CVI/CVBS)
IP67",24
DS-2CE76D0T-LPFS | DS-2CE76G0T-LPFS | DS-2CE76K0T-LPFS,TURBO HD,Smart Hybrid Light Cameras,,,"2 MP,2K,3K resolution
2.8 mm, 3.6 mm fixed focal lens
Smart Hybrid Light
Built-in mic
4 in 1 (TVI/AHD/CVI/CVBS)
IP67",24
DS-2CE76D0T-LMFS | DS-2CE76G0T-LMFS | DS-2CE76K0T-LMFS,TURBO HD,Smart Hybrid Light Cameras,,,"2 MP,2K,3K resolution
2.8 mm, 3.6 mm fixed focal lens
Smart Hybrid Light
Built-in mic
4 in 1 (TVI/AHD/CVI/CVBS)
IP67",24
DS-2CE78D0T-LFS | DS-2CE78G0T-LFS | DS-2CE78K0T-LFS,TURBO HD,Smart Hybrid Light Cameras,,,"2 MP,2K,3K resolution
2.8 mm, 3.6 mm fixed focal lens
Smart Hybrid Light
Built-in mic
4 in 1 (TVI/AHD/CVI/CVBS)
IP67",24
iDS-7204HQHI-M1/XT,DVR,PowerX DVR,,,"4-ch analog video input
Up to 6-ch IP video input
Up to 3K/5 MP Lite@12 fps, 2K@10 fps, 1080p@15 fps encoding capability
1 SATA interface
4 channels AcuSearch
2 channels perimeter protection
1 channel facial recognition
Motion Detection 2.0 for all 4 channels",25
iDS-7208HQHI-M1/XT,DVR,PowerX DVR,,,"8-ch analog video input
Up to 12-ch IP video input
Up to 3K/5 MP Lite@12 fps, 2K@10 fps, 1080p@15 fps encoding capability
1 SATA interface
8 channels AcuSearch
4 channels perimeter protection
2 channels facial recognition
Motion Detection 2.0 for all 8 channels",25
iDS-7216HQHI-M1/XT,DVR,PowerX DVR,,,"16-ch analog video input
Up to 24-ch IP video input
Up to 3K/5 MP Lite@12 fps, 2K@10 fps, 1080p@15 fps encoding capability
1 SATA interface
16 channels AcuSearch
8 channels perimeter protection
4 channels facial recognition
Motion Detection 2.0 for all 16 channels",25
iDS-7204HUHI-M1/XT,DVR,PowerX DVR,,,"4-ch analog video input
Up to 8-ch IP video input
Up to 4K/8 MP@8 fps(1-ch), 3K/5 MP@12 fps encoding capability
1 SATA interface
4 channels AcuSearch
4 channels perimeter protection
2 channels facial recognition
Motion Detection 2.0 for all 4 channels",25
iDS-7208HUHI-M2/XT,DVR,PowerX DVR,,,"8-ch analog video input
Up to 8-ch IP video input
Up to 4K/8 MP@8 fps, 3K/5 MP@12 fps encoding capability
1 SATA interface
4 channels AcuSearch
8 channels perimeter protection
4 channels facial recognition
Motion Detection 2.0 for all 8 channels",25
iDS-7216HUHI-M2/XT,DVR,PowerX DVR,,,"16-ch analog video input
Up to 32-ch IP video input
Up to 4K/8MP@8 fps, 3K/5MP@12 fps encoding capability
2 SATA interfaces
16 channelsAcuSearch
16 channels perimeter protection
4 channels facial recognition
Motion Detection 2.0 for all 16 channels",25
DS-7104HGHI-M1/T,DVR,Value Series,yes,,"4-ch analog video input
Up to 5-ch IP video input
Up to 1080p lite@15 fps encoding capability
1 SATA interface
Motion Detection 2.0 for all 4 channels",25
DS-7108HGHI-M1/T,DVR,Value Series,yes,,"8-ch analog video input
Up to 10-ch IP video input
Up to 1080p lite@15 fps encoding capability
1 SATA interface
Motion Detection 2.0 for all 8 channels",25
DS-7116HGHI-M1/T,DVR,Value Series,yes,,"16-ch analog video input
Up to 18-ch IP video input
Up to 1080p lite@15 fps encoding capability
1 SATA interface
Motion Detection 2.0 for all 16 channels",25
iDS-7204HQHI-M1/T,DVR,Value Series,,,"4-ch analog video input
Up to 6-ch IP video input
Up to 3K/5 MP lite@12 fps, 2K@10 fps encoding capability
1 SATA interface
2 channels perimeter protection
Motion Detection 2.0 for all 4 channels",25
iDS-7208HQHI-M1/T,DVR,Value Series,,,"8-ch analog video input
Up to 12-ch IP video input
Up to 3K/5 MP lite@12 fps, 2K@10 fps encoding capability
1 SATA interface
4 channels perimeter protection
Motion Detection 2.0 for all 8 channels",25
iDS-7216HQHI-M1/T,DVR,Value Series,,,"16-ch analog video input
Up to 24-ch IP video input
Up to 3K/5 MP lite@12 fps, 2K@10 fps encoding capability
1 SATA interface
4 channels perimeter protection
Motion Detection 2.0 for all 16 channels",25
DS-D5022F2-1V2 | DS-D5022F2-1V2S,DISPLAY,SOHO Monitors,,,"21.5”
1080p
250 nits
100 Hz refresh rate
VA Panel, 4000 : 1
Built-in speaker (Optional)
HDMI, VGA, Headphone socket",26
DS-D5024F2-AV2 | DS-D5024F2-BV2S,DISPLAY,SOHO Monitors,,,"23.8”
1080p
250 nits
100 Hz refresh rate
VA Panel, 4000 : 1
Built-in speaker (optional)
HDMI, VGA, Headphone socket",26
DS-D5027F3-2P2 | DS-D5027F3-2P2S,DISPLAY,SOHO Monitors,yes,,"27”
1080p
300 nits
100 Hz refresh rate
IPS Panel,1300 : 1
Built-in speaker (Optional)
HDMI, VGA, Headphone socket",26
DS-D5222F2-1V1S,DISPLAY,Security Monitors,,,"21.5”
1080p
250 nits
75 Hz refresh rate
VA Panel, 3000 : 1
Built-in speaker, CVBS BNC,USB
HDMI, VGA, Headphone socket",26
DS-D5224F2-1V1S,DISPLAY,Security Monitors,,,"23.8”
1080p
250 nits
75 Hz refresh rate
VA Panel, 4000 : 1
Built-in speaker, CVBS BNC,USB
HDMI, VGA, Headphone socket",26
DS-D5227U3-1P0,DISPLAY,Security Monitors,,,"27”
3840 × 2160 4K
350 nits
60 Hz refresh rate
IPS Panel, 1200 : 1
Display Port 1.4
HDMI, Headphone socket",26
DS-D5032F3-1V0S,DISPLAY,Security Monitors,,,"32”
1080p
300 nits
60 Hz refresh rate
VA Panel, 4000 : 1
Built-in speaker
HDMI, VGA, Headphone socket",26
DS-D5232F2-1V1S,DISPLAY,Security Monitors,,,"32”
1080p
350 nits
60 Hz refresh rate
VA Panel, 4000 : 1
Built-in speaker, CVBS BNC, USB
HDMI, VGA, DVI, Headphone socket",26
DS-D5043F3-1V0S,DISPLAY,Security Monitors,,,"43”
1080p
300 nits
60 Hz refresh rate
VA Panel, 4000 : 1
Built-in speaker, USB
HDMI, VGA, Headphone socket",26
DS-D5043U3-1V0S,DISPLAY,4K UHD Monitors,,,"43”
3840 × 2160 4K
300 nits
60 Hz refresh rate
VA Panel, 4000 : 1
Built-in speaker, USB, DP
HDMI, VGA, Headphone socket",26
DS-D5050U3-1V0S,DISPLAY,4K UHD Monitors,,,"50”
3840 × 2160 4K
300 nits
60 Hz refresh rate
VA Panel, 4000 : 1
Built-in speaker, USB
HDMI, VGA, Headphone socket",26
DS-D5055U3-1V0S,DISPLAY,4K UHD Monitors,,,"55”
3840 × 2160 4K
300 nits
60 Hz refresh rate
VA Panel, 4000 : 1
Built-in speaker, USB, DP
HDMI, VGA, Headphone socket",26
DS-UPS01K24-R/TJS(/X) | DS-UPS02K48-R/TJS(/X) | DS-UPS03K72-R/TJS(/X) | DS-UPSB0924B-R/TJ(C) | DS-UPSB0948B-R/TJ(C) | DS-UPSB0972B-R/TJ(C),UPS & CABLE,Online Series UPS,,"UPS 1/2/3 KVA , with built-in battery | External battery pack","High Power Factor up to 0.9
Easy management with LCD display, local and remote monitoring
Comprehensive protection including surge / short circuit / overcharge / overdischarge protection and Emergency Power Off function (EPO)
Rack & tower type switchable",27
DS-UPS06K-R/TJL | DS-UPS10K-R/TJL | DS-UPSB09192A-R/TJ | DS-UPSB09240A-R/TJ,UPS & CABLE,Online Series UPS,,"UPS 6/10 KVA, without built-in battery | External battery pack","High Power Factor up to 1.0
Easy management with LCD display, local and remote monitoring
Comprehensive protection including surge / short circuit / overcharge / overdischarge protection and Emergency Power Off function (EPO)
Rack & tower type switchable",27
DS-UPS01K24-R/TS(/X) | DS-UPS02K48-R/TS(/X) | DS-UPS03K72-R/TS(/X) | DS-UPSB0924B-R/T(C) | DS-UPSB0948B-R/T(C) | DS-UPSB0972B-R/T(C),UPS & CABLE,Online Series UPS,,"UPS 1/2/3 KVA , with built-in battery | External battery pack","High Power Factor up to 0.9
Easy management with LCD display, local and remote monitoring
Comprehensive protection including surge / short circuit / overcharge / overdischarge protection and Emergency Power Off function (EPO)",27
DS-UPS600(-x) | DS-UPS1000(-x) | DS-UPS2000(-x) | DS-UPS3000(-x),UPS & CABLE,Online Series UPS,,,"600 VA/1000 VA/2000 VA/3000 VA
Uninterrupted and stable power supply
Built-in AVR supports automatic voltage regulation
Wide input voltage range & frequency range
Built-in sealed lead-acid battery
Overload & short circuit protection",27
DS-XSxxxx,UPS & CABLE,Online Series UPS,,,"19-inch international standard
4U/6U/9U/12U/18U/22U/27U/32U/37U/42U
Depth from 450 to 1200 mm
Made of high-quality cold-rolled sheet metal
Designed to rack mount equipment for cabling, telecommunications, IT, data industrial, and office installations",27
DS-1LN5E-S,UPS & CABLE,Network Cables,,Cat5e Cable – Indoor,"Cat5e, U/UTP, 305 meters
Oxygen-free Solid Copper (99.95%)
Core diameter: 24 AWG
Sheath: PVC, grey
UL CM, CPR Eca",27
DS-1LN6U-G | DS-1LN6U-SC0 | DS-1LN6U-UU,UPS & CABLE,Network Cables,,Cat6 Cable – Indoor,"Cat6, U/UTP, 305 meters
Oxygen-free Solid Copper (99.95%)
Core diameter: 23 AWG
Sheath: PVC, grey/orange
CPR Fca; UL CM, CPR Eca optional",27
DS-1LN5EO-UU/E | DS-1LN6OUTPE,UPS & CABLE,Network Cables,,Outdoor Options,"U/UTP, 305 meters
Oxygen-free Solid Copper (99.95%)
Core diameter: 24 AWG
Sheath: PE, black
CPR Fca",27
DS-KV6124-WBE1,VIDEO INTERCOM,IP Intercom Door Station,yes,,"4 MP camera
Horizontal view: 150°, Vertical view: 75°
One-press to call
IR illumination, WDR
IP66, PoE
Built-in card reader module and keypad
Convenient Hik-Connect App mobile control",29
DS-KV6133-WME1,VIDEO INTERCOM,IP Intercom Door Station,,,"2 MP camera, H: 129°, V: 75°
One-press to call
IR illumination, WDR
IP65, PoE, Wi-Fi
Built-in card reader module
Convenient Hik-Connect app mobile control",29
DS-KV8113-WME1,VIDEO INTERCOM,IP Intercom Door Station,,,"2 MP camera, H: 124°, V: 75°
One-press to call
IR illumination, WDR
IP65 & IK08, PoE
Built-in card reader module
Convenient Hik-Connect app mobile control",29
DS-KH8350-WTE1,VIDEO INTERCOM,IP Indoor Station,,,"7” IPS touch screen, 1024 x 600
8-ch alarm inputs and 2-ch alarm outputs
Wi-Fi
Convenient Hik-Connect app mobile control
Supports voice messages
Elevator access control",29
DS-KH8381-WTE1,VIDEO INTERCOM,IP Indoor Station,,,"7” IPS touch screen, 1024 x 600
8-ch alarm inputs
Wi-Fi
Convenient Hik-Connect app mobile control
Supports voice messages
Elevator access control",29
DS-KH6350-WTE1,VIDEO INTERCOM,IP Indoor Station,,,"7” touch screen, 1024 x 600
8-ch alarm inputs and 2-ch alarm outputs
Wi-Fi
Convenient Hik-Connect app mobile control
Supports voice messages
Elevator access control",29
DS-KH6320-WTE1,VIDEO INTERCOM,IP Indoor Station,,,"7” touch screen, 1024 x 600
8-ch alarm inputs and 2-ch alarm outputs
Wi-Fi
Convenient Hik-Connect app mobile control
Supports voice messages
Elevator access control",29
DS-KH6110-WE1,VIDEO INTERCOM,IP Indoor Station,,,"4.3” touch screen, 1024 x 600
Wi-Fi
Convenient Hik-Connect app mobile control
Easy and quick setup",29
DS-KIS603-P(C) | DS-KV6113-WPE1(C),VIDEO INTERCOM,,,,"2 MP camera, H: 131°, V: 78°
One-press to call
IR illumination, WDR
IP65, PoE, Wi-Fi
Built-in card reader module
Convenient Hik-Connect app mobile control",30
DS-KIS604-P(C) | DS-KV8113-WME1(C),VIDEO INTERCOM,,,,"2 MP camera, H: 124°, V: 75°
One-press to call
IR illumination, WDR
IP65 & IK08, PoE
Built-in card reader module
Convenient Hik-Connect app mobile control",30
DS-KIS608-P,VIDEO INTERCOM,,,,"2 MP camera, H: 129°, V: 75°
One-press to call
IR illumination, WDR
IP65, PoE, Wi-Fi
Built-in card reader module
Convenient Hik-Connect app mobile control",30
DS-KD8003Y-IME2/Surface,VIDEO INTERCOM,2-Wire Kit,,DS-KIS702Y,"2 MP camera, H: 146°, V: 82°
One-press to call
IR illumination , WDR
IP65
Modular design",30
DS-KB2412T-IM,VIDEO INTERCOM,2-Wire Kit,,KIS703Y-P,"2 MP camera, H: 140°, V: 85°
One-press to call
IR illumination
IP65",30
DS-KH7300EY-WTE2/White,VIDEO INTERCOM,2-Wire Kit,,DS-KIS704EY,"2 MP camera, H: 133°, V: 82°
One-press to call
IR illumination, WDR
IP65, IK08
Modular design",30
DS-KH6320Y-WTE2,VIDEO INTERCOM,2-Wire Kit,,,"7” touch screen, 1024 x 600
2-wire digital IP
8-ch alarm inputs
TCP/IP, Wi-Fi
Convenient Hik-Connect app mobile control
Supports voice messages",30
DS-KD7003EY-IME2,VIDEO INTERCOM,2-Wire Kit,,,"7” touch screen, 1024 x 600
2-wire HD
1-ch alarm input
Wi-Fi
Convenient Hik-Connect app mobile control
Real plug & play",30
DS-KAD704Y,VIDEO INTERCOM,2-Wire Kit,,,"Supports cascading
Din rail mounting",30
DS-KAD7040EY,VIDEO INTERCOM,2-Wire Kit,,,"4 interface indicators show device status, 1 Reset button
Din rail mounting",30
DS-KB2422T-IM,VIDEO INTERCOM,4-Wire Kit,,4-Wire HD DS-KIS213,"2 MP camera, H: 117°, V: 70°
HD TVI video quality
IP65, metal
One-press to call
4-wire plug & play interfaces",30
DS-KB2421T-IM,VIDEO INTERCOM,4-Wire Kit,,4-Wire Analog DS-KIS203T,"2 MP camera
Self-adaptive IR supplement
One-press to call
4-wire plug & play analog interfaces
IP65, anti-oxidant aluminum alloy",30
DS-KH2230T,VIDEO INTERCOM,4-Wire Kit,,,"7” colorful TFT screen, 1024 x 600
One-press to unlock the door
4-wire plug & play interfaces
Supports monitoring door station and external analog camera",30
DS-KH2220,VIDEO INTERCOM,4-Wire Kit,,,"7” colorful TFT screen, 1024 x 600
One-press to unlock the door
4-wire plug & play analog interfaces
Supports monitoring door station and external analog camera",30
DS-KH6352-WTDE6,VIDEO INTERCOM,4-Wire Kit,,,"7” touch screen, 1024 x 600
One-press to unlock the door
4-wire plug & play interfaces
Wi-Fi
Convenient Hik-Connect app mobile control",30
DS-K1T320,ACCESS CONTROL,MinMoe Face Recognition Terminal,,,"2.4-inch non-touch screen
Memory capacity: 500 users; 500 faces; 1,000 cards;1,000 fingerprints
TCP/IP, Wi-Fi (optional), USB
PC & Mobile web (AP mode)
On-device attendance",32
DS-K1T321,ACCESS CONTROL,MinMoe Face Recognition Terminal,,,"2.4-inch non-touch screen
Memory capacity: 500 users; 500 faces; 3,000 cards; 3,000 fingerprints
TCP/IP, Wi-Fi (optional), RS-485, USB
PC & Mobile web (AP mode)
On-device attendance",32
DS-K1T323,ACCESS CONTROL,MinMoe Face Recognition Terminal,yes,,"2.4-inch non-touch screen
Memory capacity: 1,000 users; 1000 faces; 3,000 cards; 3,000 fingerprints
TCP/IP, Wi-Fi (optional), Wiegand, Bluetooth
PC & Mobile web (AP mode)
PoE
IP65",32
DS-K1T343,ACCESS CONTROL,MinMoe Face Recognition Terminal,,,"4.3-inch touch screen
Memory capacity: 1,500 users; 1,500 faces; 3,000 cards; 3,000 fingerprints
TCP/IP, Wi-Fi (optional), RS-485, Wiegand, USB
PC & Mobile web
On-device attendance",32
DS-K1T342,ACCESS CONTROL,MinMoe Face Recognition Terminal,,,"4.3-inch touch screen
Memory capacity: 1,500 users; 1,500 faces; 3,000 cards; 3,000 fingerprints
TCP/IP, Wi-Fi (optional), RS-485, Wiegand, USB
PC & Mobile web
PoE
IP65",32
DS-K1T344,ACCESS CONTROL,MinMoe Face Recognition Terminal,yes,,"4.5-inch touch screen
Memory capacity: 3,000 users; 3000 faces; 3,000 cards; 3,000 fingerprints
TCP/IP, Wi-Fi (optional), RS-485, Wiegand, Bluetooth, USB
PC & Mobile web (AP mode)
Alarm in/out
PoE
IP65",32
DS-K1T502,ACCESS CONTROL,Access Control Terminal,,,"Multi-function: access control, video, and video intercom
Card: 100,000
Fingerprint: 10,000
AP mode
Web configuration (PC & Mobile)
HC management
IP65, IK09",32
DS-K1T510,ACCESS CONTROL,Access Control Terminal,yes,,"Multi-function: access control, video, and video intercom
Card: 10,000
Fingerprint: 3,000
AP mode
Web configuration (PC & Mobile)
PoE
IP65",32
DS-K1T807,ACCESS CONTROL,Access Control Terminal,yes,,"Access control
2.4-inch non-touch LCD screen
Card: 5,000
Fingerprint: 5,000
AP mode
Web configuration (Mobile)
PoE
IP65",32
DS-K1T805,ACCESS CONTROL,Access Control Terminal,,,"Access control
Card: 10,000
Fingerprint: 3,000
AP mode
Web configuration (PC & Mobile)
HC management
IP65, IK08",32
DS-K1T808,ACCESS CONTROL,Access Control Terminal,yes,,"Access control
2.4-inch LCD screen
Card: 3,000
Fingerprint: 3,000
AP mode
Web configuration (PC& Mobile)",32
DS-K1T809,ACCESS CONTROL,Access Control Terminal,yes,,"Access control
User: 1,000
Card: 1,000/5,000
AP mode
Web configuration (Mobile)
IP65",32
DS-PA201PS-16WB | DS-PA201PS-32WE,INTRUSION ALARM – AX HOME,AX HOME Series,yes,AX HOME Control Panel,"Budget-friendly
2000 m transmission distance
Low power consumption & data usage
Installation wizard
User-friendly app
Hassle-free installation
Supports 24/7 monitoring with alarm response",34
DS-PKF201-WE/WA/WB,INTRUSION ALARM – AX HOME,AX HOME Series,,Wireless Keyfob,"Remote Arm/Disarm
Custom keys for more advanced operations
900/500 m transmission distance
Up to 2 years battery life",34
DS-PK201B-WE/WA/WB,INTRUSION ALARM – AX HOME,AX HOME Series,,Wireless LED Keypad,"One-Push FIRE, PANIC, and MEDICAL alarm
Duress code used in emergency situation
1200/1000 m transmission distance
LED indication for the system status
Up to 2 years battery life",34
DS-PD201MC-WE/WA/WB,INTRUSION ALARM – AX HOME,AX HOME Series,,Wireless Magnetic Contact,"Door opening detection
25 mm gap detection
1600 / 1200 m transmission distance
Up to 2 years battery life",34
DS-PD201P10-WE/WA/WB,INTRUSION ALARM – AX HOME,AX HOME Series,,Wireless PIR Detector,"Detection range: 10m / 90°
2 – 2.4 m mounting height
1600 / 1200 m transmission distance
Up to 24 Kg pet immunity
3 levels sensitivity, High/Normal/Low
Up to 2 years battery life",34
DS-PD201PC10-WE/WA/WB,INTRUSION ALARM – AX HOME,AX HOME Series,,Wireless PIR-CAM Detector,"Detection range: 10m / 90°
2 – 2.4 m mounting height
1600 / 1200 m transmission distance
Up to 10 Kg pet immunity
Picture verification
Up to 2 years battery life",34
DS-PWA96-M-WE/WB,INTRUSION ALARM – AX PRO,AX PRO Series,,AX PRO Control Panel,"TCP/IP, Wi-Fi, and 3/4G network
Video verification by mobile app
Voice guide
Supports 24/7 monitoring with alarm response
Kits available",35
DS-PDPC12P-EG2-WE(B)/WB(B),INTRUSION ALARM – AX PRO,AX PRO Series,,Wireless PIR-Camera Detector,"Detection range: 12 m / 85.9°
Up to 20 pictures for verification
800 m transmission distance
3D optics design for creep zone detection
Up to 5 years battery life",35
DS-PDP15P-EG2-WE(B)/WB(B),INTRUSION ALARM – AX PRO,AX PRO Series,,Wireless PIR Detector,"Detection range: 12 m / 85.9°
1600 / 1200 m transmission distance
3D optics design for creep zone detection
Up to 5 years battery life",35
DS-PD452SMK-WE/WB,INTRUSION ALARM – AX PRO,AX PRO Series,,,"Detection range: 30~80, 4-12 m
≥ 85 dB
Up to 1,000 m transmission range
Up to 3 years battery life",35
DS-PK1-LT-WE/WB,INTRUSION ALARM – AX PRO,AX PRO Series,,Wireless LCD Keypad,"LCD screen and LED to indicate system status
1200 / 800 m transmission distance
Up to 2 years battery life",35
DS-PKF1-WE(B)/WB(B),INTRUSION ALARM – AX PRO,AX PRO Series,,Wireless Keyfob,"Quick arm / disarm
900 / 500 m transmission distance",35
DS-PS1-E-WE/WB,INTRUSION ALARM – AX PRO,AX PRO Series,,Wireless External Sounder,"110 dB
1,200 / 900 m transmission distance",35
DS-PS403I-WE/WB,INTRUSION ALARM – AX PRO,AX PRO Series,yes,Wireless Intercom Sounder Plus,"Supports full-duplex
Up to 800 m transmission range
85-105 dB
Up to 4 years battery life",35
DS-PM1-O1H-WE/WB,INTRUSION ALARM – AX PRO,AX PRO Series,,Wall Switch,"Smart design for putting into hiding places
Automation operating, one button turn on/ off from app / Keyfob / Keypad
Supports setting scenarios by different events",35
HF-VH243,FIRE ALARM SYSTEM,Fusion Camera,,,"High temperature/differential temperature alarm
Real-time temperature display
10+ AI algorithms to detect flame, smoke, smoking behaviors, on/off duty, exit channel",36
HF-VR343,FIRE ALARM SYSTEM,Fusion Camera,,,"Sensitive detection of CO2 released from burning materials
10+ AI algorithm to detect flame, smoke, smoking behaviors, on/off duty, exit channel blockage",36
HF-VT343,FIRE ALARM SYSTEM,Fusion Camera,,,"Fire check mode to achieve low false alarms
Non-contact temperature measurement
10+ AI algorithms to detect flame, smoke, smoking behaviors",36
HF-S3E-R(8),FIRE ALARM SYSTEM,blockage,,,8 Years Interlinked Smoke Alarm,36
HF-S3-WF,FIRE ALARM SYSTEM,blockage,,,3 Years Wi-Fi Smoke Alarm,36
HF-C104(8),FIRE ALARM SYSTEM,blockage,,,Conventional fire alarm system is made up,36
DS-TCG406-E,VEHICLE ACCESS CONTROL MANAGEMENT,,,,"4 MP 1/1.8"" progressive scan CMOS sensor
Embedded IR and white supplement lights
Supports ANPR, vehicle type / color / brand recognition
Supports Wiegand for integration with access control systems",38
DS-TMC200-E1,VEHICLE ACCESS CONTROL MANAGEMENT,,yes,,"2 MP 1/3"" progressive scan CMOS sensor
Optional IR/white supplement lights
Customizable multi-language LED display & voice broadcast
Supports ANPR, vehicle type / color / brand recognition
All-in-one, plug-and-play design",38
DS-TMG035,VEHICLE ACCESS CONTROL MANAGEMENT,,,,"60/79 GHz MMIC with higher resolution and more stable detection
Able to recognize target’s moving direction
Convenient installation and maintenance featuring quick deployment and low manual input
Strong environmental adaptability
Instruction on App",38
DS-TMG320,VEHICLE ACCESS CONTROL MANAGEMENT,Barrier Gate,yes,,"Motor: DC brushless motor
Mean Cycles Between Failure(MCBF): 2,500,000
Supports Bluetooth connection with App for barrier gate configuration
Maximum rising speed 3 m@3 s
Standardized chuck, one chuck fits all types of boom pole
Rightward/leftward direction",38
DS-TMG320/B,VEHICLE ACCESS CONTROL MANAGEMENT,Barrier Gate,yes,,"Motor: DC brushless motor
Mean Cycles Between Failure(MCBF): 2,500,000
Supports Bluetooth connection with App for barrier gate configuration
Maximum rising speed 3 m@3 s
Standardized chuck, one chuck fits all types of boom pole
Rightward/leftward Direction
Body indicator",38
DS-TMG001-3D,VEHICLE ACCESS CONTROL MANAGEMENT,Barrier Gate,yes,,"3/4 m Octagonal Pole
2.6-4 m Telescopic Pole
3.6-6 m Telescopic Pole",38
DS-TMG002-3D,VEHICLE ACCESS CONTROL MANAGEMENT,Barrier Gate,yes,,"1.5+1.5 m Folding Pole
2+2 m Folding Pole
2.5+2.5 m Folding Pole",38
DS-TMG001-6L,VEHICLE ACCESS CONTROL MANAGEMENT,Barrier Gate,yes,,3/4 m light pole with reinforced wall thickness,38
DS-TMG002-6L,VEHICLE ACCESS CONTROL MANAGEMENT,Barrier Gate,yes,,1.5 m+1.5 m/ 2 m+2 m light folding pole with reinforced wall thickness,38
DS-TRI900-1/A,VEHICLE ACCESS CONTROL MANAGEMENT,UHF System,,,"840 to 960 MHZ (Optional) working frequency
Reading distance up to 9 m
Wiegand 34/26
Universal wall-mounted or pole",38
DS-TRC902-1/A,VEHICLE ACCESS CONTROL MANAGEMENT,UHF System,,,"Single-band/Dual-band
Working frequency: 860-960 MHz
10 years data life",38
DS-TME200-D/P,VEHICLE ACCESS CONTROL MANAGEMENT,UHF System,,,"Embedded Linux operation system
Supports Entrance Exit management of 4 lanes
Massive storage with 50, 000 cards",38
DS-QAZ1307G1T-E(C),VEHICLE ACCESS CONTROL MANAGEMENT,Network Audio,,,"Rated Power: 7 W
Max. Acoustic Pressure: 121 dBSPL
Supports live/scheduled/alarm/emergency broadcast
Supports 2-way audio",40
DS-QAZ1325G1T-E,VEHICLE ACCESS CONTROL MANAGEMENT,Network Audio,,,"Rated Power: 25 W
Max. Acoustic Pressure: 124 dBSPL
Supports live/scheduled/alarm/emergency broadcast
Supports 2-way audio",40
DS-QAZ1120G1R-B(/BLACK),VEHICLE ACCESS CONTROL MANAGEMENT,Network Audio,,,"Rated Power: 20 W
Full frequency 5.25'' × 1
Max. Acoustic Pressure: 103 dBSPL
Supports live/scheduled/alarm/emergency broadcast
Supports 2-way audio
Supports up to 1 x 20 W sub speaker",40
DS-QAZ1606G1-BE(/BLACK),VEHICLE ACCESS CONTROL MANAGEMENT,Network Audio,yes,,"Rated Power: 6 W
Full frequency 6.5'' × 1
Max. Acoustic Pressure: 94 dBSPL
Frequency Response: 140 Hz to 15 kHz
Supports live/scheduled/alarm/emergency broadcast
Supports 2-way audio
Supports up to 6 x 6 W sub speakers",40
DS-QAZ1610G1-BE(/BLACK),VEHICLE ACCESS CONTROL MANAGEMENT,Network Audio,yes,,"Rated Power: 10 W
Tweeter 1'' ×1, Woofer 6.5'' × 1
Max. Acoustic Pressure: 98 dBSPL
Frequency Response: 120 Hz to 20 kHz
Supports live/scheduled/alarm/emergency broadcast
Supports 2-way audio
Supports up to 4 x 6 W sub speakers",40
DS-QAZ1630G1-BE(/BLACK),VEHICLE ACCESS CONTROL MANAGEMENT,Network Audio,yes,,"Rated Power: 30 W
Tweeter 1'' × 1, Woofer 6.5'' × 1
Max. Acoustic Pressure: 104 dBSPL
Frequency Response: 80 Hz to 20 kHz
Supports live/scheduled/alarm/emergency broadcast
Supports 2-way audio",40
DS-QAZ1506G1-BE(/BLACK),VEHICLE ACCESS CONTROL MANAGEMENT,Network Audio,yes,,"Rated Power: 6 W
Full frequency 6.5'' × 1
Max. Acoustic Pressure: 94 dBSPL
Frequency Response: 140 Hz to 15 kHz
Supports live/scheduled/alarm/emergency broadcast
Supports 2-way audio
Suitable for no-ceiling scenarios",40
DS-QAZ1510G1-BE(/BLACK),VEHICLE ACCESS CONTROL MANAGEMENT,Network Audio,yes,,"Rated Power: 10 W
Tweeter 1'' × 1, Woofer 6.5'' × 1
Max. Acoustic Pressure: 98 dBSPL
Frequency Response: 120 Hz to 20 kHz
Supports live/scheduled/alarm/emergency broadcast
Supports 2-way audio
Suitable for no-ceiling scenarios",40
DS-QAZ1530G1-BE(/BLACK),VEHICLE ACCESS CONTROL MANAGEMENT,Network Audio,yes,,"Rated Power: 30 W
Tweeter 1'' × 1, Woofer 6.5'' × 1
Max. Acoustic Pressure: 104 dBSPL
Frequency Response: 80 Hz to 20 kHz
Supports live/scheduled/alarm/emergency broadcast
Supports 2-way audio
Suitable for no-ceiling scenarios",40
DS-QAZ0606G1-S(/BLACK),VEHICLE ACCESS CONTROL MANAGEMENT,Network Audio,yes,,"Rated Power: 6 W
Full frequency 6.5'' × 1
Max. Acoustic Pressure: 94 dBSPL
Frequency Response: 140 Hz to 15 kHz
Supports connection to main speaker",40
DS-QAZ0610G1-S(/BLACK),VEHICLE ACCESS CONTROL MANAGEMENT,Network Audio,yes,,"Rated Power: 10 W
Tweeter 1'' × 1, Woofer 6.5'' × 1
Max. Acoustic Pressure: 98 dBSPL
Frequency Response: 120 Hz to 20 kHz
Supports connection to main speaker",40
DS-QAE1A80G1-VB,VEHICLE ACCESS CONTROL MANAGEMENT,Network Audio,,,"Supports live / schedule broadcast
Supports alarm input / alarm schedule / audio linkage
Multiple audio input: MIC/USB/Bluetooth/RCA
Supports 2-zone content / volume",40
DS-QAE0KA60206-4,VEHICLE ACCESS CONTROL MANAGEMENT,Analog Audio,yes,,"Analog Audio Kit with 60 W Analog Amplifier and 4 x 6 W Ceiling Speakers
4 types of audio input: Microphone, RCA, Bluetooth, and USB flash drive
Independent microphone volume control and two-channel output partition volume control",41
DS-QAE0KA60120-2,VEHICLE ACCESS CONTROL MANAGEMENT,Analog Audio,yes,,"Analog Audio Kit with 60 W Analog Amplifier and 2 x 20 W Cabinet Speakers
4 types of audio input: Microphone, RCA, Bluetooth, and USB flash drive
Independent microphone volume control and two-channel output partition volume control",41
DS-QAE0120G1R(BLACK),VEHICLE ACCESS CONTROL MANAGEMENT,Analog Audio,,,"Rated Power:
70 V: 5 W/10 W/15W/20 W
100 V: 5 W/10 W/15 W/20 W
Max. Acoustic Pressure: 103 dBSPL
Frequency Response: 130 Hz to 17.5 kHz",41
DS-QAE0206G1-V,VEHICLE ACCESS CONTROL MANAGEMENT,Analog Audio,,,"Rated Power: 6 W
Full frequency 5.25'' × 1
Max. Acoustic Pressure: 98 dBSPL
Rated Power: 6 W
Frequency Response: 90 Hz to 20 kHz
Supports speaker spring terminal audio line input",41
DS-QAE0210G1-V,VEHICLE ACCESS CONTROL MANAGEMENT,Analog Audio,,,"Adjustable Power: 5/10 W
Full frequency 5'' × 1
Max. Acoustic Pressure: 104 dBSPL
Frequency Response: 80 Hz to 20 kHz",41
DS-QAE0215G1-V,VEHICLE ACCESS CONTROL MANAGEMENT,Analog Audio,,,"Adjustable Power: 10/15 W
Coaxial tweeter 5'' × 1
Max. Acoustic Pressure: 106 dBSPL
Frequency Response: 70 Hz to 18 kHz",41
DS-QAZ0610G1(/BLACK),VEHICLE ACCESS CONTROL MANAGEMENT,Analog Audio,yes,,"Rated Power: 70 V: 10 W/5 W/2.5 W/1.25 W 100 V: 10 W/5 W/2.5 W 8Ω
Tweeter 1'' × 1, Woofer 6.5'' × 1
Max. Acoustic Pressure: 98 dBSPL
Frequency Response: 120 Hz to 20 kHz
Supports audio line input",41
DS-QAZ0630G1 (/BLACK),VEHICLE ACCESS CONTROL MANAGEMENT,Analog Audio,yes,,"Rated Power: 70 V: 10 W/5 W/2.5 W/1.25 W 100 V: 10 W/5 W/2.5 W 8Ω
Tweeter 1'' × 1, Woofer 6.5'' × 1
Max. Acoustic Pressure: 104 dBSPL
Frequency Response: 80 Hz to 20 kHz
Supports audio line input",41
DS-QAE0330G1T-V,VEHICLE ACCESS CONTROL MANAGEMENT,Analog Audio,,,"Rated Power: 70 V: 2.5 W/5 W/7.5 W/15 W/30 W 100 V: 5 W/10 W/15 W/30 W
34-core Mids & Tweets 2'' × 1
Max. Acoustic Pressure: 120 dBSPL
Frequency Response: 250 Hz to 8 kHz",41
DS-QAE0A60G1-VB,VEHICLE ACCESS CONTROL MANAGEMENT,Analog Audio,,,"Rated Power: 60 W
Audio input: USB/Bluetooth/MIC/RCA
Supports two-zone volume adjustment
Supports multiple amplifiers cascaded via RCA cables",41
DS-QAE0A120G1-VB6,VEHICLE ACCESS CONTROL MANAGEMENT,Analog Audio,,,"Rated Power: 120 W
Audio input: EMC in × 1, 6.5 mm Microphone × 2, AUX in × 2, Bluetooth, USB 2.0, SD card
Supports 6-zone volume adjustment
Supports multiple amplifiers cascaded via RCA cables",41
DS-QAE0A240G1-VB6,VEHICLE ACCESS CONTROL MANAGEMENT,Analog Audio,,,"Rated Power: 240 W
Audio input: EMC in × 1, 6.5 mm Microphone × 2, AUX in × 2, Bluetooth, USB 2.0, SD card
Supports 6-zone volume adjustment
Supports multiple amplifiers cascaded via RCA cables",41
DS-3E1105P-EI V2,NETWORKING,Smart Managed Switch,,,"4 × 10/100 Mbps PoE port,1 × 10/100 Mbps RJ45 port
Total PoE Power Budget 60 W
Up to 300 m long-range transmission
PoE watchdog
Supports 802.1Q VLAN
Supports STP/RSTP Loop prevention",43
DS-3E1106HP-El,NETWORKING,Smart Managed Switch,,,"4 × 100 Mbps PoE RJ45 ports, 2 × 100 Mbps network RJ45 ports
Total PoE Power Budget 60 W
IEEE 802.3at/af/bt standard for Hi-PoE ports
Up to 300 m long-range transmission
VIP port ensures important data transmission",43
DS-3E1309P-El (B),NETWORKING,Smart Managed Switch,,,"8 × 10/100M PoE ports,1 × Gigabit RJ45 port
Total PoE Power Budget 110 W
Up to 300 m long-range transmission
PoE watchdog
Supports 802.1Q VLAN
Supports STP/RSTP Loop prevention",43
DS-3E1310HP-El,NETWORKING,Smart Managed Switch,,,"8 x 10/100 Mbps PoE Ports, 2 x Gigabit Uplink Ports
Total PoE Power Budget 110 W
IEEE 802.3at/af/bt standard for Hi-PoE ports
Up to 300 m long-range transmission
PoE watchdog
Supports 802.1Q VLAN
Supports STP/RSTP Loop prevention",43
DS-3E1318P-EI (B),NETWORKING,Smart Managed Switch,,,"16 × 100 Mbps PoE ports, 2 × Gigabit combos
Total PoE Power Budget 230 W
Up to 300 m long-range transmission
PoE watchdog
Supports 802.1Q VLAN
Supports STP/RSTP Loop prevention",43
DS-3E1326P-EI (B),NETWORKING,Smart Managed Switch,,,"24 × 100 Mbps PoE ports, 2 × Gigabit combos
Total PoE Power Budget 370 W
Up to 300 m long-range transmission
PoE watchdog
Supports 802.1Q VLAN
Supports STP/RSTP Loop prevention",43
DS-3E1526P-EI,NETWORKING,Smart Managed Switch,,,"24 x Gigabit PoE RJ45 ports, 1 × Gigabit RJ45 port, 1 x Gigabit fiber optical port
Total PoE Power Budget 230 W
Up to 300 m long-range transmission
PoE watchdog
Supports 802.1Q VLAN
Supports STP/RSTP Loop prevention",43
DS-3E1512HP-SI-8P2T2F,NETWORKING,Smart Managed Switch,,,"8 x Gigabit PoE Ports, 2 × Gigabit RJ45, 2 x Gigabit SFP
Total PoE Power Budget 130 W
Supports 802.1Q VLAN
Supports 802.3bt Hi-PoE, Max. 90W for one port
Supports STP/RSTP Loop prevention, storm control
Supports SNMP, QoS, DHCP snooping",43
DS-3E1520HP-SI-16P2T2F,NETWORKING,Smart Managed Switch,,,"16 x Gigabit PoE Ports, 2 × Gigabit RJ45, 2 x Gigabit SFP
Total PoE Power Budget 230 W
Supports 802.1Q VLAN
Supports 802.3bt Hi-PoE, Max. 90W for one port
Supports STP/RSTP Loop prevention, storm control
Supports SNMP, QoS, DHCP snooping",43
DS-3T1512HP-SI-8P4F,NETWORKING,Industrial Switch,,,"8 x Gigabit PoE ports,4 x Gigabit SFP fiber optical ports
Cloud managed
Supports 802.1Q VLAN
Supports 802.3bt Hi-PoE, Max. 90W for one port
Supports STP/RSTP/ERPS Loop prevention, storm control
Supports SNMP, QoS, DHCP snooping
Wider Temperature (-40 °C to 75 °C) Design",43
DS-3T1506HP-EI-UPS,NETWORKING,Industrial Switch,yes,,"4 x Gigabit PoE Ports, 2 × Gigabit SFP
Supports 802.3bt Hi-PoE, Max. 90 W for one port
Supports 24 V passive PoE output for wireless bridge, etc.
Supports 12 V to 24 V solar power input, DC 54 V input
Wider Temperature (-40 °C to 75 °C) Design
Supports battery health monitoring via Hik- Partner Pro and Hik-Connect
Supports power consumption schedule",43
DS-3T0510HP-E/HS,NETWORKING,Industrial Switch,,,"6 × Gigabit PoE port, 2 × Gigabit Hi-PoE port, 2 × Gigabit SFP fiber optical port.
IEEE 802.3at/af/bt standard for Hi-PoE port
Port isolation to improve network security.
Wire-speed forwarding.
Wider temperature (-30 °C to 65 °C) design",43
DS-3WF1000S-EI-2N(Single),NETWORKING,Wireless Bridge,,,"1 km, 2.4 Ghz, 300 Mbps, 802.11n
Built-in 7 dBi 2 x 2 MIMO antenna
Automatic pairing
2 x 100 m Ethernet ports
Standard PoE Input & output
IP55 weatherproof
Cloud managed",44
DS-3WF3000S-EI-5AC/P(Single),NETWORKING,Wireless Bridge,,,"3 km, 5 Ghz, 867 Mbps, 802.11ac
Built-in 8 dBi 2 x 2 MIMO antenna
Automatic pairing
2 x 100 m Ethernet ports
Standard PoE Input & output
IP55 weatherproof
Cloud managed",44
DS-3WAP622G-Sl,NETWORKING,Wireless Access Points & Smart Managed Router,,,"1 Gigabit port with PoE input
802.11ax, Wi-Fi 6, 1775 Mbps
100+ concurrent user connections",44
DS-3WAP521-Sl,NETWORKING,Wireless Access Points & Smart Managed Router,,,"2 Gigabit LAN ports with 1 PoE input
802.11ac, Wave 2, 1167 Mbps
86 mm wall junction box for easy installation",44
DS-3WG210GP-SI,NETWORKING,Wireless Access Points & Smart Managed Router,,,"2 Gigabit WAN ports with 1 WAN/LAN switchable
8 Gigabit PoE LAN ports with 2 LAN/WAN",44
DS-3WR30X,NETWORKING,SOHO Networking Products,,,"3000 Mbps, Wi-Fi 6
1 × 10/100/1000 Mbps Adaptive WAN Port
3 × 10/100/1000 Mbps Adaptive LAN Ports
Parental Control
Dual band in one and 5G first
Hikvision Mesh
Dual app management HC & HPP",44
DS-3WR12C-E,NETWORKING,SOHO Networking Products,yes,,"1200 Mbps Wi-Fi 5
1 × 10/100 Mbps WAN Port
3 × 10/100 Mbps LAN Ports
Four 5-dBi amplified antennas
Parental Control
Dual band – Smart signal switching
Dual app management HC & HPP",44
DS-3WR4G12C,NETWORKING,SOHO Networking Products,,,"AC1200 4G CAT4 Wireless Router
Dual-band Wi-Fi
4G for faster speed
Instantly access to mobile network with a SIM card",44
DS-3WRM30X,NETWORKING,SOHO Networking Products,yes,,"3000 Mbps, Wi-Fi 6
4 × 10/100/1000 Mbps Ports
Parental Control
5 × Internal Antennas
Hikvision Mesh
Dual app management HC & HPP",44
DS-3E0105D-O,NETWORKING,SOHO Networking Products,,,"5 x 10/100 Mbps ethernet ports
Supports ADI/ADIX
Store-and-forward switching
Supports MAC address auto-learning and aging
Plug & play, easy to use",44
DS-3E0508P-O,NETWORKING,SOHO Networking Products,,,"Gigabit PoE and non-PoE ports for multiple use
Plug-and-play with easy connection
Built to last with a rugged metal case
Desktop/Wall-mounted installation",44
DS-D5BxxRB/EL | DS-D5BxxRB/FL,COMMERCIAL DISPLAYS,WonderHub Interactive Display,,Value Series,"55’’/65’’/75’’/86’’
4-core CPU, 8 GB + 64 GB (FL model: 8 GB + 128 GB)
Android 13
4K, 400 nits brightness
8MP camera and 8-mic array for FL model",46
DS-D5BxxRB/EP | DS-D5BxxRB/FP,COMMERCIAL DISPLAYS,WonderHub Interactive Display,,Performance Series,"65’’/75’’/86’’
8-core CPU, 8 GB + 128 GB
Android 14, Google EDLA certified
4K, 400 nits brightness
65W Type-C port x 1
8MP camera and 8-mic array for FP model",46
DS-D5CxxRB/A2L | DS-D5CxxRB/B2L,COMMERCIAL DISPLAYS,WonderHub Interactive Display,yes,Select Series,"65’’/75’’/86’’
8-core CPU, 8 GB + 128 GB
Android 14, Google EDLA certified
4K, 480 nits brightness
Temperature & humidity sensor
100W Type-C port x 2
8MP camera and 8-mic array for B2L model",46
DS-D60xxUN-DP,COMMERCIAL DISPLAYS,Digital Signage,,,"32’’/43’’/50’’/55’’/65’’
4K (32’’ model: 1080p), 500 nits brightness, 25% haze
4 GB + 32 GB
Min. 9 mm even bezel, 40 mm thickness",46
DS-D60xxUH-DP,COMMERCIAL DISPLAYS,Digital Signage,,,"43’’/50’’
4K, 700 nits brightness, 25% haze
4 GB + 32 GB
Min. 9 mm even bezel, 40 mm thickness",46
DS-D60xxUN-DL,COMMERCIAL DISPLAYS,Digital Signage,,,"43’’/50’’/55’’/65’’/75’’
4K, 500 nits brightness, 25% haze
4 GB +32 GB
Min. 9 mm even bezel, 70 mm thickness",46
DS-D6055UN-D/S,COMMERCIAL DISPLAYS,Digital Signage,,,"55’’
4K, 500 nits brightness
4 GB + 32 GB
Slim design",46
DS-D6055UT-D/S,COMMERCIAL DISPLAYS,Digital Signage,,,"55’’
4K, 500 nits brightness
4 GB + 32 GB
Slim design
10-point capacitive touch",46
DS-D60E-B,COMMERCIAL DISPLAYS,Digital Signage,,,"4-core CPU, 2 GB + 16 GB
Audio in × 1, audio out × 1, HDMI out × 1, LAN × 1, USB 2.0 × 2",46
DS-2CD2347G3-LIS2UY/SL,COMMERCIAL DISPLAYS,Video Security,,,"IR / white light up to 60 m
IP67, NEMA 4X anti-corrosion",51
DS-2CD63C5G1-IVS,COMMERCIAL DISPLAYS,Video Security,,DeepinView Series Fisheye Camera,,51
DS-2CD6825G0/C-IVS,COMMERCIAL DISPLAYS,Video Security,,Dual-Lens People Counting Camera,,51
DS-PWA64-Kit-WE/WB,COMMERCIAL DISPLAYS,Access Control,,AX PRO Kit,"Includes 1 panel, 1 keyfob, 1 PIR detector, and 1 magnetic contact
Up to 64 wireless zones / outputs (including 48 PIRCAMs)
LAN, Wi-Fi, GPRS (Single SIM card)",51
DS-PDEB1-EG2-WE(B)/WB(B),COMMERCIAL DISPLAYS,Access Control,,Wireless Emergency Button,"Fully remote configurable through App
IP66 waterproof",51
DS-PD451SMK-WE/WB,COMMERCIAL DISPLAYS,Access Control,,Wireless Smoke Detector,"Smoke & Heat
Detection range: 30-80 ㎡, 4-12 m
Buzzer ≥ 85 dB @ 3 m
Up to 1,000 m transmission range
Up to 5 years battery life",51
DS-3E1510P-EI,COMMERCIAL DISPLAYS,Bluetooth / RCA,,Smart Managed Switch,"8 Gigabit PoE ports, 2 Gigabit RJ45 ports
Total PoE power budget 110 W
VLAN configuration",51
DS-D5022F2,COMMERCIAL DISPLAYS,Bluetooth / RCA,,Monitor,"1080p
21.5""
HDMI, VGA, Audio out",51
DS-UPS01K24-R/TS,COMMERCIAL DISPLAYS,Bluetooth / RCA,,Online UPS,"Capacity 1000 VA / 900 W, PF up to 0.9
Easy management with local and remote monitoring
Surge / short circuit / overcharge /",51
DS-2CE72DF3T-LXTS,COMMERCIAL DISPLAYS,Video Security,,Turbo HD Camera with ColorVu,"2 MP
Two-way audio
Smart Hybrid Light
IR / white light up to 40 m
WDR ≥ 120 dB
IP67",53
DS-2CD1147G3H-LIUF,COMMERCIAL DISPLAYS,Video Security,,Network Camera with ColorVu,"HikAI-ISP, 4 MP
ColorVu 3.0, Motion Detection 3.0, Smart Hybrid Light
0.0001 lux @ F1.0
IR/white light up to 30 m
IP67, IK08",53
DS-2CD2T47G3-LIS2UY/SL,COMMERCIAL DISPLAYS,Video Security,,Network Camera with ColorVu,"4 MP
ColorVu 3.0, AcuSense 3.0, Smart Hybrid Light
Two-way audio, built-in dual-microphone
Strobe light and audio alarm
IR / white light up to 60 m
IP67, NEMA 4X anti-corrosion",53
DS-K3B211LX,COMMERCIAL DISPLAYS,Access Control,,Speed Gate,"4 pairs of infrared sensors
Lane width: 550 mm to 900 mm
MCBF > 3 millions times",53
DS-TMG32,COMMERCIAL DISPLAYS,Access Control,,Barrier Gate,"Max. rising speed 3 m @ 3 s, DC brushless motor
MCBF: 2.5 million times
App-based configuration via Bluetooth",53
DS-TCG406,COMMERCIAL DISPLAYS,Access Control,,ANPR Camera,"2688 × 1520 resolution
4 built-in LEDs (integrated white light and IR)
LPR accuracy > 98%
IP67, IK10",53
DS-3WG105GP-SI,COMMERCIAL DISPLAYS,Networking and Display,,AC Router,"4 Gigabit PoE ports, 2 Gigabit RJ45 ports Users: 100
AP numbers: 32
PoE 60 W",53
DS-D5C75RB/B,COMMERCIAL DISPLAYS,Networking and Display,,Interactive Flat Panel,"UHD 4K display
75-inch touch screen
Dual systems of Android and Windows",53
DS-2CD1047G3H-LIUF/SL(RB),COMMERCIAL DISPLAYS,Wired Solution,,Network Camera with ColorVu,"Strobe light & audio alarm, two-way audio, Smart Hybrid Light
HikAI-ISP, 4 MP
0.0001 lux @ F1.0 tion
IR / white light up to 40 m Detec
IP67",55
DS-KIS313,COMMERCIAL DISPLAYS,Video Intercom and Gate Opener,,Hybrid HD Intercom Kit,"Includes 1 indoor station, and 1 outdoor station
App control
Hybrid connection, plug & play",55
DS-KIS603,COMMERCIAL DISPLAYS,Video Intercom and Gate Opener,,IP Video Intercom Kit,"Includes 1 indoor station, and 1 outdoor station
App control
IP connection",55
DS-K3GL606,COMMERCIAL DISPLAYS,Video Intercom and Gate Opener,,Sliding Gate Opener,"Gate mass ≤ 600 kg
Support Wi-Fi and LAN
Open gate via keyfob, app, intercom, etc.",55
DS-PDEBP1-EG2-WE(B)/WB(B),COMMERCIAL DISPLAYS,Video Intercom and Gate Opener,,Wireless Portable Emergency Button,"Fully remote configurable through app
IP66 waterproof",55
DS-PDPG12P-EG2-WE/WB,COMMERCIAL DISPLAYS,Video Intercom and Gate Opener,,Wireless PIR Glass Break Detector,"PIR detection range: 12 m / 85.9°
Glass break detection range: 8 m / 120°
Up to 30 kg pet immunity",55
